            f (GHz),        Re{Y_ref[port_1_re]} (S),        Im{Y_ref[port_1_re]} (S),      Re{Z_ref[port_1_re]} (Ohm),      Im{Z_ref[port_1_re]} (Ohm)
 1.000000000000e+01,        +2.00000000000000004e-02,        +0.00000000000000000e+00,        +5.00000000000000000e+01,        +0.00000000000000000e+00
 1.095000000000e+01,        +2.00000000000000004e-02,        +0.00000000000000000e+00,        +5.00000000000000000e+01,        +0.00000000000000000e+00
 1.190000000000e+01,        +2.00000000000000004e-02,        +0.00000000000000000e+00,        +5.00000000000000000e+01,        +0.00000000000000000e+00
 1.285000000000e+01,        +2.00000000000000004e-02,        +0.00000000000000000e+00,        +5.00000000000000000e+01,        +0.00000000000000000e+00
 1.380000000000e+01,        +2.00000000000000004e-02,        +0.00000000000000000e+00,        +5.00000000000000000e+01,        +0.00000000000000000e+00
 1.475000000000e+01,        +2.00000000000000004e-02,        +0.00000000000000000e+00,        +5.00000000000000000e+01,        +0.00000000000000000e+00
 1.570000000000e+01,        +2.00000000000000004e-02,        +0.00000000000000000e+00,        +5.00000000000000000e+01,        +0.00000000000000000e+00
 1.665000000000e+01,        +2.00000000000000004e-02,        +0.00000000000000000e+00,        +5.00000000000000000e+01,        +0.00000000000000000e+00
 1.760000000000e+01,        +2.00000000000000004e-02,        +0.00000000000000000e+00,        +5.00000000000000000e+01,        +0.00000000000000000e+00
 1.855000000000e+01,        +2.00000000000000004e-02,        +0.00000000000000000e+00,        +5.00000000000000000e+01,        +0.00000000000000000e+00
 1.950000000000e+01,        +2.00000000000000004e-02,        +0.00000000000000000e+00,        +5.00000000000000000e+01,        +0.00000000000000000e+00
 2.045000000000e+01,        +2.00000000000000004e-02,        +0.00000000000000000e+00,        +5.00000000000000000e+01,        +0.00000000000000000e+00
 2.140000000000e+01,        +2.00000000000000004e-02,        +0.00000000000000000e+00,        +5.00000000000000000e+01,        +0.00000000000000000e+00
 2.235000000000e+01,        +2.00000000000000004e-02,        +0.00000000000000000e+00,        +5.00000000000000000e+01,        +0.00000000000000000e+00
 2.330000000000e+01,        +2.00000000000000004e-02,        +0.00000000000000000e+00,        +5.00000000000000000e+01,        +0.00000000000000000e+00
 2.425000000000e+01,        +2.00000000000000004e-02,        +0.00000000000000000e+00,        +5.00000000000000000e+01,        +0.00000000000000000e+00
 2.520000000000e+01,        +2.00000000000000004e-02,        +0.00000000000000000e+00,        +5.00000000000000000e+01,        +0.00000000000000000e+00
 2.615000000000e+01,        +2.00000000000000004e-02,        +0.00000000000000000e+00,        +5.00000000000000000e+01,        +0.00000000000000000e+00
 2.710000000000e+01,        +2.00000000000000004e-02,        +0.00000000000000000e+00,        +5.00000000000000000e+01,        +0.00000000000000000e+00
 2.805000000000e+01,        +2.00000000000000004e-02,        +0.00000000000000000e+00,        +5.00000000000000000e+01,        +0.00000000000000000e+00
 2.900000000000e+01,        +2.00000000000000004e-02,        +0.00000000000000000e+00,        +5.00000000000000000e+01,        +0.00000000000000000e+00
 2.995000000000e+01,        +2.00000000000000004e-02,        +0.00000000000000000e+00,        +5.00000000000000000e+01,        +0.00000000000000000e+00
 3.090000000000e+01,        +2.00000000000000004e-02,        +0.00000000000000000e+00,        +5.00000000000000000e+01,        +0.00000000000000000e+00
 3.185000000000e+01,        +2.00000000000000004e-02,        +0.00000000000000000e+00,        +5.00000000000000000e+01,        +0.00000000000000000e+00
 3.280000000000e+01,        +2.00000000000000004e-02,        +0.00000000000000000e+00,        +5.00000000000000000e+01,        +0.00000000000000000e+00
 3.375000000000e+01,        +2.00000000000000004e-02,        +0.00000000000000000e+00,        +5.00000000000000000e+01,        +0.00000000000000000e+00
 3.470000000000e+01,        +2.00000000000000004e-02,        +0.00000000000000000e+00,        +5.00000000000000000e+01,        +0.00000000000000000e+00
 3.565000000000e+01,        +2.00000000000000004e-02,        +0.00000000000000000e+00,        +5.00000000000000000e+01,        +0.00000000000000000e+00
 3.660000000000e+01,        +2.00000000000000004e-02,        +0.00000000000000000e+00,        +5.00000000000000000e+01,        +0.00000000000000000e+00
 3.755000000000e+01,        +2.00000000000000004e-02,        +0.00000000000000000e+00,        +5.00000000000000000e+01,        +0.00000000000000000e+00
 3.850000000000e+01,        +2.00000000000000004e-02,        +0.00000000000000000e+00,        +5.00000000000000000e+01,        +0.00000000000000000e+00
 3.945000000000e+01,        +2.00000000000000004e-02,        +0.00000000000000000e+00,        +5.00000000000000000e+01,        +0.00000000000000000e+00
 4.040000000000e+01,        +2.00000000000000004e-02,        +0.00000000000000000e+00,        +5.00000000000000000e+01,        +0.00000000000000000e+00
 4.135000000000e+01,        +2.00000000000000004e-02,        +0.00000000000000000e+00,        +5.00000000000000000e+01,        +0.00000000000000000e+00
 4.230000000000e+01,        +2.00000000000000004e-02,        +0.00000000000000000e+00,        +5.00000000000000000e+01,        +0.00000000000000000e+00
 4.325000000000e+01,        +2.00000000000000004e-02,        +0.00000000000000000e+00,        +5.00000000000000000e+01,        +0.00000000000000000e+00
 4.420000000000e+01,        +2.00000000000000004e-02,        +0.00000000000000000e+00,        +5.00000000000000000e+01,        +0.00000000000000000e+00
 4.515000000000e+01,        +2.00000000000000004e-02,        +0.00000000000000000e+00,        +5.00000000000000000e+01,        +0.00000000000000000e+00
 4.610000000000e+01,        +2.00000000000000004e-02,        +0.00000000000000000e+00,        +5.00000000000000000e+01,        +0.00000000000000000e+00
 4.705000000000e+01,        +2.00000000000000004e-02,        +0.00000000000000000e+00,        +5.00000000000000000e+01,        +0.00000000000000000e+00
 4.800000000000e+01,        +2.00000000000000004e-02,        +0.00000000000000000e+00,        +5.00000000000000000e+01,        +0.00000000000000000e+00
 4.895000000000e+01,        +2.00000000000000004e-02,        +0.00000000000000000e+00,        +5.00000000000000000e+01,        +0.00000000000000000e+00
 4.990000000000e+01,        +2.00000000000000004e-02,        +0.00000000000000000e+00,        +5.00000000000000000e+01,        +0.00000000000000000e+00
 5.085000000000e+01,        +2.00000000000000004e-02,        +0.00000000000000000e+00,        +5.00000000000000000e+01,        +0.00000000000000000e+00
 5.180000000000e+01,        +2.00000000000000004e-02,        +0.00000000000000000e+00,        +5.00000000000000000e+01,        +0.00000000000000000e+00
 5.275000000000e+01,        +2.00000000000000004e-02,        +0.00000000000000000e+00,        +5.00000000000000000e+01,        +0.00000000000000000e+00
 5.370000000000e+01,        +2.00000000000000004e-02,        +0.00000000000000000e+00,        +5.00000000000000000e+01,        +0.00000000000000000e+00
 5.465000000000e+01,        +2.00000000000000004e-02,        +0.00000000000000000e+00,        +5.00000000000000000e+01,        +0.00000000000000000e+00
 5.560000000000e+01,        +2.00000000000000004e-02,        +0.00000000000000000e+00,        +5.00000000000000000e+01,        +0.00000000000000000e+00
 5.655000000000e+01,        +2.00000000000000004e-02,        +0.00000000000000000e+00,        +5.00000000000000000e+01,        +0.00000000000000000e+00
 5.750000000000e+01,        +2.00000000000000004e-02,        +0.00000000000000000e+00,        +5.00000000000000000e+01,        +0.00000000000000000e+00
 5.845000000000e+01,        +2.00000000000000004e-02,        +0.00000000000000000e+00,        +5.00000000000000000e+01,        +0.00000000000000000e+00
 5.940000000000e+01,        +2.00000000000000004e-02,        +0.00000000000000000e+00,        +5.00000000000000000e+01,        +0.00000000000000000e+00
 6.035000000000e+01,        +2.00000000000000004e-02,        +0.00000000000000000e+00,        +5.00000000000000000e+01,        +0.00000000000000000e+00
 6.130000000000e+01,        +2.00000000000000004e-02,        +0.00000000000000000e+00,        +5.00000000000000000e+01,        +0.00000000000000000e+00
 6.225000000000e+01,        +2.00000000000000004e-02,        +0.00000000000000000e+00,        +5.00000000000000000e+01,        +0.00000000000000000e+00
 6.320000000000e+01,        +2.00000000000000004e-02,        +0.00000000000000000e+00,        +5.00000000000000000e+01,        +0.00000000000000000e+00
 6.415000000000e+01,        +2.00000000000000004e-02,        +0.00000000000000000e+00,        +5.00000000000000000e+01,        +0.00000000000000000e+00
 6.510000000000e+01,        +2.00000000000000004e-02,        +0.00000000000000000e+00,        +5.00000000000000000e+01,        +0.00000000000000000e+00
 6.605000000000e+01,        +2.00000000000000004e-02,        +0.00000000000000000e+00,        +5.00000000000000000e+01,        +0.00000000000000000e+00
 6.700000000000e+01,        +2.00000000000000004e-02,        +0.00000000000000000e+00,        +5.00000000000000000e+01,        +0.00000000000000000e+00
 6.795000000000e+01,        +2.00000000000000004e-02,        +0.00000000000000000e+00,        +5.00000000000000000e+01,        +0.00000000000000000e+00
 6.890000000000e+01,        +2.00000000000000004e-02,        +0.00000000000000000e+00,        +5.00000000000000000e+01,        +0.00000000000000000e+00
 6.985000000000e+01,        +2.00000000000000004e-02,        +0.00000000000000000e+00,        +5.00000000000000000e+01,        +0.00000000000000000e+00
 7.080000000000e+01,        +2.00000000000000004e-02,        +0.00000000000000000e+00,        +5.00000000000000000e+01,        +0.00000000000000000e+00
 7.175000000000e+01,        +2.00000000000000004e-02,        +0.00000000000000000e+00,        +5.00000000000000000e+01,        +0.00000000000000000e+00
 7.270000000000e+01,        +2.00000000000000004e-02,        +0.00000000000000000e+00,        +5.00000000000000000e+01,        +0.00000000000000000e+00
 7.365000000000e+01,        +2.00000000000000004e-02,        +0.00000000000000000e+00,        +5.00000000000000000e+01,        +0.00000000000000000e+00
 7.460000000000e+01,        +2.00000000000000004e-02,        +0.00000000000000000e+00,        +5.00000000000000000e+01,        +0.00000000000000000e+00
 7.555000000000e+01,        +2.00000000000000004e-02,        +0.00000000000000000e+00,        +5.00000000000000000e+01,        +0.00000000000000000e+00
 7.650000000000e+01,        +2.00000000000000004e-02,        +0.00000000000000000e+00,        +5.00000000000000000e+01,        +0.00000000000000000e+00
 7.745000000000e+01,        +2.00000000000000004e-02,        +0.00000000000000000e+00,        +5.00000000000000000e+01,        +0.00000000000000000e+00
 7.840000000000e+01,        +2.00000000000000004e-02,        +0.00000000000000000e+00,        +5.00000000000000000e+01,        +0.00000000000000000e+00
 7.935000000000e+01,        +2.00000000000000004e-02,        +0.00000000000000000e+00,        +5.00000000000000000e+01,        +0.00000000000000000e+00
 8.030000000000e+01,        +2.00000000000000004e-02,        +0.00000000000000000e+00,        +5.00000000000000000e+01,        +0.00000000000000000e+00
 8.125000000000e+01,        +2.00000000000000004e-02,        +0.00000000000000000e+00,        +5.00000000000000000e+01,        +0.00000000000000000e+00
 8.220000000000e+01,        +2.00000000000000004e-02,        +0.00000000000000000e+00,        +5.00000000000000000e+01,        +0.00000000000000000e+00
 8.315000000000e+01,        +2.00000000000000004e-02,        +0.00000000000000000e+00,        +5.00000000000000000e+01,        +0.00000000000000000e+00
 8.410000000000e+01,        +2.00000000000000004e-02,        +0.00000000000000000e+00,        +5.00000000000000000e+01,        +0.00000000000000000e+00
 8.505000000000e+01,        +2.00000000000000004e-02,        +0.00000000000000000e+00,        +5.00000000000000000e+01,        +0.00000000000000000e+00
 8.600000000000e+01,        +2.00000000000000004e-02,        +0.00000000000000000e+00,        +5.00000000000000000e+01,        +0.00000000000000000e+00
 8.695000000000e+01,        +2.00000000000000004e-02,        +0.00000000000000000e+00,        +5.00000000000000000e+01,        +0.00000000000000000e+00
 8.790000000000e+01,        +2.00000000000000004e-02,        +0.00000000000000000e+00,        +5.00000000000000000e+01,        +0.00000000000000000e+00
 8.885000000000e+01,        +2.00000000000000004e-02,        +0.00000000000000000e+00,        +5.00000000000000000e+01,        +0.00000000000000000e+00
 8.980000000000e+01,        +2.00000000000000004e-02,        +0.00000000000000000e+00,        +5.00000000000000000e+01,        +0.00000000000000000e+00
 9.075000000000e+01,        +2.00000000000000004e-02,        +0.00000000000000000e+00,        +5.00000000000000000e+01,        +0.00000000000000000e+00
 9.170000000000e+01,        +2.00000000000000004e-02,        +0.00000000000000000e+00,        +5.00000000000000000e+01,        +0.00000000000000000e+00
 9.265000000000e+01,        +2.00000000000000004e-02,        +0.00000000000000000e+00,        +5.00000000000000000e+01,        +0.00000000000000000e+00
 9.360000000000e+01,        +2.00000000000000004e-02,        +0.00000000000000000e+00,        +5.00000000000000000e+01,        +0.00000000000000000e+00
 9.455000000000e+01,        +2.00000000000000004e-02,        +0.00000000000000000e+00,        +5.00000000000000000e+01,        +0.00000000000000000e+00
 9.550000000000e+01,        +2.00000000000000004e-02,        +0.00000000000000000e+00,        +5.00000000000000000e+01,        +0.00000000000000000e+00
 9.645000000000e+01,        +2.00000000000000004e-02,        +0.00000000000000000e+00,        +5.00000000000000000e+01,        +0.00000000000000000e+00
 9.740000000000e+01,        +2.00000000000000004e-02,        +0.00000000000000000e+00,        +5.00000000000000000e+01,        +0.00000000000000000e+00
 9.835000000000e+01,        +2.00000000000000004e-02,        +0.00000000000000000e+00,        +5.00000000000000000e+01,        +0.00000000000000000e+00
 9.930000000000e+01,        +2.00000000000000004e-02,        +0.00000000000000000e+00,        +5.00000000000000000e+01,        +0.00000000000000000e+00
 1.002500000000e+02,        +2.00000000000000004e-02,        +0.00000000000000000e+00,        +5.00000000000000000e+01,        +0.00000000000000000e+00
 1.012000000000e+02,        +2.00000000000000004e-02,        +0.00000000000000000e+00,        +5.00000000000000000e+01,        +0.00000000000000000e+00
 1.021500000000e+02,        +2.00000000000000004e-02,        +0.00000000000000000e+00,        +5.00000000000000000e+01,        +0.00000000000000000e+00
 1.031000000000e+02,        +2.00000000000000004e-02,        +0.00000000000000000e+00,        +5.00000000000000000e+01,        +0.00000000000000000e+00
 1.040500000000e+02,        +2.00000000000000004e-02,        +0.00000000000000000e+00,        +5.00000000000000000e+01,        +0.00000000000000000e+00
 1.050000000000e+02,        +2.00000000000000004e-02,        +0.00000000000000000e+00,        +5.00000000000000000e+01,        +0.00000000000000000e+00
 1.059500000000e+02,        +2.00000000000000004e-02,        +0.00000000000000000e+00,        +5.00000000000000000e+01,        +0.00000000000000000e+00
 1.069000000000e+02,        +2.00000000000000004e-02,        +0.00000000000000000e+00,        +5.00000000000000000e+01,        +0.00000000000000000e+00
 1.078500000000e+02,        +2.00000000000000004e-02,        +0.00000000000000000e+00,        +5.00000000000000000e+01,        +0.00000000000000000e+00
 1.088000000000e+02,        +2.00000000000000004e-02,        +0.00000000000000000e+00,        +5.00000000000000000e+01,        +0.00000000000000000e+00
 1.097500000000e+02,        +2.00000000000000004e-02,        +0.00000000000000000e+00,        +5.00000000000000000e+01,        +0.00000000000000000e+00
 1.107000000000e+02,        +2.00000000000000004e-02,        +0.00000000000000000e+00,        +5.00000000000000000e+01,        +0.00000000000000000e+00
 1.116500000000e+02,        +2.00000000000000004e-02,        +0.00000000000000000e+00,        +5.00000000000000000e+01,        +0.00000000000000000e+00
 1.126000000000e+02,        +2.00000000000000004e-02,        +0.00000000000000000e+00,        +5.00000000000000000e+01,        +0.00000000000000000e+00
 1.135500000000e+02,        +2.00000000000000004e-02,        +0.00000000000000000e+00,        +5.00000000000000000e+01,        +0.00000000000000000e+00
 1.145000000000e+02,        +2.00000000000000004e-02,        +0.00000000000000000e+00,        +5.00000000000000000e+01,        +0.00000000000000000e+00
 1.154500000000e+02,        +2.00000000000000004e-02,        +0.00000000000000000e+00,        +5.00000000000000000e+01,        +0.00000000000000000e+00
 1.164000000000e+02,        +2.00000000000000004e-02,        +0.00000000000000000e+00,        +5.00000000000000000e+01,        +0.00000000000000000e+00
 1.173500000000e+02,        +2.00000000000000004e-02,        +0.00000000000000000e+00,        +5.00000000000000000e+01,        +0.00000000000000000e+00
 1.183000000000e+02,        +2.00000000000000004e-02,        +0.00000000000000000e+00,        +5.00000000000000000e+01,        +0.00000000000000000e+00
 1.192500000000e+02,        +2.00000000000000004e-02,        +0.00000000000000000e+00,        +5.00000000000000000e+01,        +0.00000000000000000e+00
 1.202000000000e+02,        +2.00000000000000004e-02,        +0.00000000000000000e+00,        +5.00000000000000000e+01,        +0.00000000000000000e+00
 1.211500000000e+02,        +2.00000000000000004e-02,        +0.00000000000000000e+00,        +5.00000000000000000e+01,        +0.00000000000000000e+00
 1.221000000000e+02,        +2.00000000000000004e-02,        +0.00000000000000000e+00,        +5.00000000000000000e+01,        +0.00000000000000000e+00
 1.230500000000e+02,        +2.00000000000000004e-02,        +0.00000000000000000e+00,        +5.00000000000000000e+01,        +0.00000000000000000e+00
 1.240000000000e+02,        +2.00000000000000004e-02,        +0.00000000000000000e+00,        +5.00000000000000000e+01,        +0.00000000000000000e+00
 1.249500000000e+02,        +2.00000000000000004e-02,        +0.00000000000000000e+00,        +5.00000000000000000e+01,        +0.00000000000000000e+00
 1.259000000000e+02,        +2.00000000000000004e-02,        +0.00000000000000000e+00,        +5.00000000000000000e+01,        +0.00000000000000000e+00
 1.268500000000e+02,        +2.00000000000000004e-02,        +0.00000000000000000e+00,        +5.00000000000000000e+01,        +0.00000000000000000e+00
 1.278000000000e+02,        +2.00000000000000004e-02,        +0.00000000000000000e+00,        +5.00000000000000000e+01,        +0.00000000000000000e+00
 1.287500000000e+02,        +2.00000000000000004e-02,        +0.00000000000000000e+00,        +5.00000000000000000e+01,        +0.00000000000000000e+00
 1.297000000000e+02,        +2.00000000000000004e-02,        +0.00000000000000000e+00,        +5.00000000000000000e+01,        +0.00000000000000000e+00
 1.306500000000e+02,        +2.00000000000000004e-02,        +0.00000000000000000e+00,        +5.00000000000000000e+01,        +0.00000000000000000e+00
 1.316000000000e+02,        +2.00000000000000004e-02,        +0.00000000000000000e+00,        +5.00000000000000000e+01,        +0.00000000000000000e+00
 1.325500000000e+02,        +2.00000000000000004e-02,        +0.00000000000000000e+00,        +5.00000000000000000e+01,        +0.00000000000000000e+00
 1.335000000000e+02,        +2.00000000000000004e-02,        +0.00000000000000000e+00,        +5.00000000000000000e+01,        +0.00000000000000000e+00
 1.344500000000e+02,        +2.00000000000000004e-02,        +0.00000000000000000e+00,        +5.00000000000000000e+01,        +0.00000000000000000e+00
 1.354000000000e+02,        +2.00000000000000004e-02,        +0.00000000000000000e+00,        +5.00000000000000000e+01,        +0.00000000000000000e+00
 1.363500000000e+02,        +2.00000000000000004e-02,        +0.00000000000000000e+00,        +5.00000000000000000e+01,        +0.00000000000000000e+00
 1.373000000000e+02,        +2.00000000000000004e-02,        +0.00000000000000000e+00,        +5.00000000000000000e+01,        +0.00000000000000000e+00
 1.382500000000e+02,        +2.00000000000000004e-02,        +0.00000000000000000e+00,        +5.00000000000000000e+01,        +0.00000000000000000e+00
 1.392000000000e+02,        +2.00000000000000004e-02,        +0.00000000000000000e+00,        +5.00000000000000000e+01,        +0.00000000000000000e+00
 1.401500000000e+02,        +2.00000000000000004e-02,        +0.00000000000000000e+00,        +5.00000000000000000e+01,        +0.00000000000000000e+00
 1.411000000000e+02,        +2.00000000000000004e-02,        +0.00000000000000000e+00,        +5.00000000000000000e+01,        +0.00000000000000000e+00
 1.420500000000e+02,        +2.00000000000000004e-02,        +0.00000000000000000e+00,        +5.00000000000000000e+01,        +0.00000000000000000e+00
 1.430000000000e+02,        +2.00000000000000004e-02,        +0.00000000000000000e+00,        +5.00000000000000000e+01,        +0.00000000000000000e+00
 1.439500000000e+02,        +2.00000000000000004e-02,        +0.00000000000000000e+00,        +5.00000000000000000e+01,        +0.00000000000000000e+00
 1.449000000000e+02,        +2.00000000000000004e-02,        +0.00000000000000000e+00,        +5.00000000000000000e+01,        +0.00000000000000000e+00
 1.458500000000e+02,        +2.00000000000000004e-02,        +0.00000000000000000e+00,        +5.00000000000000000e+01,        +0.00000000000000000e+00
 1.468000000000e+02,        +2.00000000000000004e-02,        +0.00000000000000000e+00,        +5.00000000000000000e+01,        +0.00000000000000000e+00
 1.477500000000e+02,        +2.00000000000000004e-02,        +0.00000000000000000e+00,        +5.00000000000000000e+01,        +0.00000000000000000e+00
 1.487000000000e+02,        +2.00000000000000004e-02,        +0.00000000000000000e+00,        +5.00000000000000000e+01,        +0.00000000000000000e+00
 1.496500000000e+02,        +2.00000000000000004e-02,        +0.00000000000000000e+00,        +5.00000000000000000e+01,        +0.00000000000000000e+00
 1.506000000000e+02,        +2.00000000000000004e-02,        +0.00000000000000000e+00,        +5.00000000000000000e+01,        +0.00000000000000000e+00
 1.515500000000e+02,        +2.00000000000000004e-02,        +0.00000000000000000e+00,        +5.00000000000000000e+01,        +0.00000000000000000e+00
 1.525000000000e+02,        +2.00000000000000004e-02,        +0.00000000000000000e+00,        +5.00000000000000000e+01,        +0.00000000000000000e+00
 1.534500000000e+02,        +2.00000000000000004e-02,        +0.00000000000000000e+00,        +5.00000000000000000e+01,        +0.00000000000000000e+00
 1.544000000000e+02,        +2.00000000000000004e-02,        +0.00000000000000000e+00,        +5.00000000000000000e+01,        +0.00000000000000000e+00
 1.553500000000e+02,        +2.00000000000000004e-02,        +0.00000000000000000e+00,        +5.00000000000000000e+01,        +0.00000000000000000e+00
 1.563000000000e+02,        +2.00000000000000004e-02,        +0.00000000000000000e+00,        +5.00000000000000000e+01,        +0.00000000000000000e+00
 1.572500000000e+02,        +2.00000000000000004e-02,        +0.00000000000000000e+00,        +5.00000000000000000e+01,        +0.00000000000000000e+00
 1.582000000000e+02,        +2.00000000000000004e-02,        +0.00000000000000000e+00,        +5.00000000000000000e+01,        +0.00000000000000000e+00
 1.591500000000e+02,        +2.00000000000000004e-02,        +0.00000000000000000e+00,        +5.00000000000000000e+01,        +0.00000000000000000e+00
 1.601000000000e+02,        +2.00000000000000004e-02,        +0.00000000000000000e+00,        +5.00000000000000000e+01,        +0.00000000000000000e+00
 1.610500000000e+02,        +2.00000000000000004e-02,        +0.00000000000000000e+00,        +5.00000000000000000e+01,        +0.00000000000000000e+00
 1.620000000000e+02,        +2.00000000000000004e-02,        +0.00000000000000000e+00,        +5.00000000000000000e+01,        +0.00000000000000000e+00
 1.629500000000e+02,        +2.00000000000000004e-02,        +0.00000000000000000e+00,        +5.00000000000000000e+01,        +0.00000000000000000e+00
 1.639000000000e+02,        +2.00000000000000004e-02,        +0.00000000000000000e+00,        +5.00000000000000000e+01,        +0.00000000000000000e+00
 1.648500000000e+02,        +2.00000000000000004e-02,        +0.00000000000000000e+00,        +5.00000000000000000e+01,        +0.00000000000000000e+00
 1.658000000000e+02,        +2.00000000000000004e-02,        +0.00000000000000000e+00,        +5.00000000000000000e+01,        +0.00000000000000000e+00
 1.667500000000e+02,        +2.00000000000000004e-02,        +0.00000000000000000e+00,        +5.00000000000000000e+01,        +0.00000000000000000e+00
 1.677000000000e+02,        +2.00000000000000004e-02,        +0.00000000000000000e+00,        +5.00000000000000000e+01,        +0.00000000000000000e+00
 1.686500000000e+02,        +2.00000000000000004e-02,        +0.00000000000000000e+00,        +5.00000000000000000e+01,        +0.00000000000000000e+00
 1.696000000000e+02,        +2.00000000000000004e-02,        +0.00000000000000000e+00,        +5.00000000000000000e+01,        +0.00000000000000000e+00
 1.705500000000e+02,        +2.00000000000000004e-02,        +0.00000000000000000e+00,        +5.00000000000000000e+01,        +0.00000000000000000e+00
 1.715000000000e+02,        +2.00000000000000004e-02,        +0.00000000000000000e+00,        +5.00000000000000000e+01,        +0.00000000000000000e+00
 1.724500000000e+02,        +2.00000000000000004e-02,        +0.00000000000000000e+00,        +5.00000000000000000e+01,        +0.00000000000000000e+00
 1.734000000000e+02,        +2.00000000000000004e-02,        +0.00000000000000000e+00,        +5.00000000000000000e+01,        +0.00000000000000000e+00
 1.743500000000e+02,        +2.00000000000000004e-02,        +0.00000000000000000e+00,        +5.00000000000000000e+01,        +0.00000000000000000e+00
 1.753000000000e+02,        +2.00000000000000004e-02,        +0.00000000000000000e+00,        +5.00000000000000000e+01,        +0.00000000000000000e+00
 1.762500000000e+02,        +2.00000000000000004e-02,        +0.00000000000000000e+00,        +5.00000000000000000e+01,        +0.00000000000000000e+00
 1.772000000000e+02,        +2.00000000000000004e-02,        +0.00000000000000000e+00,        +5.00000000000000000e+01,        +0.00000000000000000e+00
 1.781500000000e+02,        +2.00000000000000004e-02,        +0.00000000000000000e+00,        +5.00000000000000000e+01,        +0.00000000000000000e+00
 1.791000000000e+02,        +2.00000000000000004e-02,        +0.00000000000000000e+00,        +5.00000000000000000e+01,        +0.00000000000000000e+00
 1.800500000000e+02,        +2.00000000000000004e-02,        +0.00000000000000000e+00,        +5.00000000000000000e+01,        +0.00000000000000000e+00
 1.810000000000e+02,        +2.00000000000000004e-02,        +0.00000000000000000e+00,        +5.00000000000000000e+01,        +0.00000000000000000e+00
 1.819500000000e+02,        +2.00000000000000004e-02,        +0.00000000000000000e+00,        +5.00000000000000000e+01,        +0.00000000000000000e+00
 1.829000000000e+02,        +2.00000000000000004e-02,        +0.00000000000000000e+00,        +5.00000000000000000e+01,        +0.00000000000000000e+00
 1.838500000000e+02,        +2.00000000000000004e-02,        +0.00000000000000000e+00,        +5.00000000000000000e+01,        +0.00000000000000000e+00
 1.848000000000e+02,        +2.00000000000000004e-02,        +0.00000000000000000e+00,        +5.00000000000000000e+01,        +0.00000000000000000e+00
 1.857500000000e+02,        +2.00000000000000004e-02,        +0.00000000000000000e+00,        +5.00000000000000000e+01,        +0.00000000000000000e+00
 1.867000000000e+02,        +2.00000000000000004e-02,        +0.00000000000000000e+00,        +5.00000000000000000e+01,        +0.00000000000000000e+00
 1.876500000000e+02,        +2.00000000000000004e-02,        +0.00000000000000000e+00,        +5.00000000000000000e+01,        +0.00000000000000000e+00
 1.886000000000e+02,        +2.00000000000000004e-02,        +0.00000000000000000e+00,        +5.00000000000000000e+01,        +0.00000000000000000e+00
 1.895500000000e+02,        +2.00000000000000004e-02,        +0.00000000000000000e+00,        +5.00000000000000000e+01,        +0.00000000000000000e+00
 1.905000000000e+02,        +2.00000000000000004e-02,        +0.00000000000000000e+00,        +5.00000000000000000e+01,        +0.00000000000000000e+00
 1.914500000000e+02,        +2.00000000000000004e-02,        +0.00000000000000000e+00,        +5.00000000000000000e+01,        +0.00000000000000000e+00
 1.924000000000e+02,        +2.00000000000000004e-02,        +0.00000000000000000e+00,        +5.00000000000000000e+01,        +0.00000000000000000e+00
 1.933500000000e+02,        +2.00000000000000004e-02,        +0.00000000000000000e+00,        +5.00000000000000000e+01,        +0.00000000000000000e+00
 1.943000000000e+02,        +2.00000000000000004e-02,        +0.00000000000000000e+00,        +5.00000000000000000e+01,        +0.00000000000000000e+00
 1.952500000000e+02,        +2.00000000000000004e-02,        +0.00000000000000000e+00,        +5.00000000000000000e+01,        +0.00000000000000000e+00
 1.962000000000e+02,        +2.00000000000000004e-02,        +0.00000000000000000e+00,        +5.00000000000000000e+01,        +0.00000000000000000e+00
 1.971500000000e+02,        +2.00000000000000004e-02,        +0.00000000000000000e+00,        +5.00000000000000000e+01,        +0.00000000000000000e+00
 1.981000000000e+02,        +2.00000000000000004e-02,        +0.00000000000000000e+00,        +5.00000000000000000e+01,        +0.00000000000000000e+00
 1.990500000000e+02,        +2.00000000000000004e-02,        +0.00000000000000000e+00,        +5.00000000000000000e+01,        +0.00000000000000000e+00
 2.000000000000e+02,        +2.00000000000000004e-02,        +0.00000000000000000e+00,        +5.00000000000000000e+01,        +0.00000000000000000e+00
