                       port_1_re,                 sample_e1_s0_re,                 sample_e1_s0_im,                 sample_e1_s1_re,                 sample_e1_s1_im,                 sample_e1_s2_re,                 sample_e1_s2_im,                 sample_e1_s3_re,                 sample_e1_s3_im,                   farfield_p0d0,                   farfield_p0d1,                   farfield_p0d2,                   farfield_p0d3,                   farfield_p0d4,                   farfield_p0d5,                surfsigma_2_p0d0,                surfsigma_2_p0d1,                surfsigma_2_p0d2,                surfsigma_2_p0d3,                surfsigma_2_p0d4,                surfsigma_2_p0d5,                surfsigma_2_p1d0,                surfsigma_2_p1d1,                surfsigma_2_p1d2,                surfsigma_2_p1d3,                surfsigma_2_p1d4,                surfsigma_2_p1d5,                surfsigma_2_p2d0,                surfsigma_2_p2d1,                surfsigma_2_p2d2,                surfsigma_2_p2d3,                surfsigma_2_p2d4,                surfsigma_2_p2d5,                surfsigma_3_p0d0,                surfsigma_3_p0d1,                surfsigma_3_p0d2,                surfsigma_3_p0d3,                surfsigma_3_p0d4,                surfsigma_3_p0d5,                surfsigma_3_p1d0,                surfsigma_3_p1d1,                surfsigma_3_p1d2,                surfsigma_3_p1d3,                surfsigma_3_p1d4,                surfsigma_3_p1d5,                surfsigma_3_p2d0,                surfsigma_3_p2d1,                surfsigma_3_p2d2,                surfsigma_3_p2d3,                surfsigma_3_p2d4,                surfsigma_3_p2d5
        +1.63014092650508770e+13,        -9.98638822628927734e+12,        +4.64743365324261914e+12,        +1.33102845844606602e+13,        -6.45599087032806519e+11,        +5.53744382704779004e+12,        -1.60506185693861108e+12,        -5.27572914109538574e+12,        -1.79399894437955225e+12,        +0.00000000000000000e+00,        +0.00000000000000000e+00,        +0.00000000000000000e+00,        -0.00000000000000000e+00,        +0.00000000000000000e+00,        +0.00000000000000000e+00,        +0.00000000000000000e+00,        +0.00000000000000000e+00,        +0.00000000000000000e+00,        +0.00000000000000000e+00,        -0.00000000000000000e+00,        +0.00000000000000000e+00,        +0.00000000000000000e+00,        +0.00000000000000000e+00,        +0.00000000000000000e+00,        +0.00000000000000000e+00,        +0.00000000000000000e+00,        +0.00000000000000000e+00,        +0.00000000000000000e+00,        +0.00000000000000000e+00,        +0.00000000000000000e+00,        +0.00000000000000000e+00,        -0.00000000000000000e+00,        +0.00000000000000000e+00,        +3.20795425273967281e-05,        +1.07223838554078510e-05,        +4.89844751459314918e-07,        +1.72704779426592291e-07,        -1.07469220431819115e-07,        +1.34353010588642147e-08,        +1.01288967758345947e-05,        +3.38551957745498692e-06,        +1.54665139612836798e-07,        +5.45303562858255045e-08,        -3.39326734289825246e-08,        +4.24210468279829889e-09,        +4.46674766422345920e-06,        +1.49298210846203619e-06,        +6.82058635201670107e-08,        +2.40473712941866022e-08,        -1.49639879973281937e-08,        +1.87072803708372281e-09
        -9.98638822628927539e+12,        +6.11854518387260352e+12,        -2.84012771629499805e+12,        -8.15718574524276270e+12,        +4.01550441962627869e+11,        -3.38768458341902832e+12,        +9.89199205834330078e+11,        +3.25694340853649170e+12,        +1.11472162887425659e+12,        -1.73774890956254862e+07,        -1.61487390534923803e+07,        -9.69820356336877448e+05,        +1.40318271172520448e+06,        +6.08110803325597895e+05,        +2.74526590785165667e+05,        -1.18242388615678525e+09,        +2.68779018013218343e+07,        -6.57819810889869258e+07,        -4.81392045774547458e+07,        -4.69843472292331234e+06,        -4.83143423348054290e+06,        -3.73342278118053436e+08,        +8.48651419090857543e+06,        -2.07702119065823928e+07,        -1.51996255438930653e+07,        -1.48349872121287952e+06,        -1.52549240963659156e+06,        -1.64640413032768011e+08,        +3.74247248032761831e+06,        -9.15946697576141171e+06,        -6.70289108456842788e+06,        -6.54208902954302146e+05,        -6.72727722311436781e+05,        -1.41204668634460902e+09,        +1.36433208211105645e+08,        +1.23005684343166992e+08,        -7.44249202613435686e+07,        -9.96420147652498819e+06,        -3.73517915685725259e+06,        -4.45844111287720561e+08,        +4.30778550406710133e+07,        +3.88382059528683051e+07,        -2.34991610068338513e+07,        -3.14612866200154228e+06,        -1.17935734547166526e+06,        -1.96613035632216483e+08,        +1.89969265795799643e+07,        +1.71272814366606921e+07,        -1.03629077145805210e+07,        -1.38741297925646394e+06,        -5.20085433266376611e+05
        +4.64743365324261914e+12,        -2.84012771629502393e+12,        +1.35276065611757764e+12,        +3.77986335988062500e+12,        -1.47913079365023315e+11,        +1.60586364743856494e+12,        -4.20268629715396545e+11,        -1.37003938756961646e+12,        -4.17469464864784119e+11,        +1.82123415838522941e+08,        +1.69108476768654287e+08,        +1.04662907083949819e+07,        -1.40198612583611198e+07,        -6.17779207597319596e+06,        -2.77656119878973998e+06,        +9.43610888199232292e+09,        -1.62820330635874420e+08,        +9.43142089061100602e+08,        +3.77355629725841582e+08,        +2.89915054558304884e+07,        +2.44437756781057753e+07,        +2.97938702678227901e+09,        -5.14094089904674068e+07,        +2.97790682547495604e+08,        +1.19147466582756221e+08,        +9.15387013039124198e+06,        +7.71795546784194093e+06,        +1.31388149541102052e+09,        -2.26710630594177060e+07,        +1.31322874063639998e+08,        +5.25429056919989288e+07,        +4.03677013681096584e+06,        +3.40354535360768158e+06,        +1.11725571778543053e+10,        -1.19353694100066328e+09,        -1.48845422372649360e+09,        +5.77746782365955472e+08,        +4.52149088123788759e+07,        +3.00086194593850821e+07,        +3.52765873390961885e+09,        -3.76851149395806074e+08,        -4.69969270129243314e+08,        +1.82419606394250602e+08,        +1.42762990992853325e+07,        +9.47501694046379626e+06,        +1.55566413189850378e+09,        -1.66187792074220538e+08,        -2.07252002470291734e+08,        +8.04453208284317404e+07,        +6.29571285666832887e+06,        +4.17839284217674425e+06
        +1.33102845844606602e+13,        -8.15718574524276270e+12,        +3.77986335988062500e+12,        +1.09597205765511816e+13,        -5.15090409088685486e+11,        +4.51207672438719727e+12,        -1.39942247989663745e+12,        -4.49689752849013184e+12,        -1.68622847753635425e+12,        -3.37772807801762760e+08,        -4.60723294797683299e+08,        -1.49617752955733612e+07,        -4.37629275417220816e+07,        +1.08488868024338603e+08,        +1.10895615502567202e+08,        -7.78323842789134979e+08,        +3.54871370527950168e+08,        -5.93198540816455960e+08,        -8.64772950020600706e+07,        +1.10361094154408053e+08,        +3.37544319171372801e+07,        -2.45750445320387661e+08,        +1.12048215079962656e+08,        -1.87298393746551156e+08,        -2.73046161360064857e+07,        +3.48457628347879872e+07,        +1.06577316781756822e+07,        -1.08373621719159871e+08,        +4.94122029343705922e+07,        -8.25968199000900984e+07,        -1.20410774289854243e+07,        +1.53666517879533768e+07,        +4.69995885366193112e+06,        -6.33785947388031483e+08,        +8.33954516970723152e+08,        +7.76877557959486842e+08,        -1.14940658313515931e+08,        +1.14370558480054542e+08,        +4.91061085477818474e+07,        -2.00113590572105199e+08,        +2.63315451301198274e+08,        +2.45293790748850256e+08,        -3.62917289861537889e+07,        +3.61117238517252281e+07,        +1.55049188783981893e+07,        -8.82482004752851427e+07,        +1.16119623201181293e+08,        +1.08172241372818723e+08,        -1.60043091826430559e+07,        +1.59249286211118866e+07,        +6.83752255717432592e+06
        -6.45599087032806519e+11,        +4.01550441962627869e+11,        -1.47913079365023315e+11,        -5.15090409088683716e+11,        +2.08912358469544403e+11,        -1.78517029780764435e+11,        +7.75176158308763733e+10,        +3.66443245307751282e+11,        +9.16042529633125458e+10,        +1.72084644427981377e+10,        +5.54324376197680569e+09,        +1.48856405809058189e+08,        +6.98923601618918180e+07,        +2.87346947145890109e+07,        +2.48005965385430120e+06,        +7.60093039466300392e+09,        -6.13878702732745838e+09,        -1.31601266953120923e+09,        +1.77996290788541138e+08,        -4.62759440669478700e+07,        +2.38232610531871673e+06,        +2.39994193502275515e+09,        -1.93828013836325073e+09,        -4.15522025415050626e+08,        +5.62011149111258090e+07,        -1.46113137448299956e+07,        +7.52203220683132415e+05,        +1.05835169118420827e+09,        -8.54763205929837584e+08,        -1.83241282593004435e+08,        +2.47841600434654206e+07,        -6.44345114629503619e+06,        +3.31714504883074784e+05,        +7.29748737144882870e+09,        -8.15357155593480873e+09,        +1.23151942082262659e+09,        +5.24986424695109427e+08,        -5.14916485906382129e+07,        -3.57711102827689610e+06,        +2.30413186987426758e+09,        -2.57443461277272320e+09,        +3.88843858365340948e+08,        +1.65760883276621461e+08,        -1.62581368779403083e+07,        -1.12944841187099298e+06,        +1.01610035876544762e+09,        -1.13530131146499634e+09,        +1.71476463285204232e+08,        +7.30989815161245316e+07,        -7.16968456993495021e+06,        -4.98076065660167835e+05
        +5.53744382704779004e+12,        -3.38768458341902832e+12,        +1.60586364743856494e+12,        +4.51207672438719727e+12,        -1.78517029780764435e+11,        +1.92091186741928906e+12,        -5.03236281191959473e+11,        -1.65459400611329419e+12,        -5.18629518091324036e+11,        +2.45336813063223392e+08,        -1.02911199180553913e+09,        -1.70437200807332933e+08,        +1.52458462537198752e+08,        +2.70359503022985280e+08,        -4.31938203442014977e+07,        +7.58070876785706043e+09,        -1.40791021877975583e+08,        -3.75964305518899620e+08,        -4.51914816971107274e+07,        +4.95120668116503581e+07,        +4.05980960462361053e+07,        +2.39355709426693916e+09,        -4.44538049864144921e+07,        -1.18708165453015983e+08,        -1.42689021474084798e+07,        +1.56330974316462446e+07,        +1.28185719542776234e+07,        +1.05553603680805564e+09,        -1.96037074899058715e+07,        -5.23491780493360609e+07,        -6.29245087086182740e+06,        +6.89404808665649407e+06,        +5.65286897503524646e+06,        +9.34525238369185638e+09,        -1.99697399824947923e+08,        +4.67698471816826403e+08,        -4.84620830623897836e+07,        +4.94058611147454232e+07,        +6.18120200430159792e+07,        +2.95069970707024479e+09,        -6.30530920913855806e+07,        +1.47672602849696904e+08,        -1.53015722235332690e+07,        +1.55995637071538493e+07,        +1.95167237807968557e+07,        +1.30123065878463960e+09,        -2.78058171639385298e+07,        +6.51222209532618672e+07,        -6.74784860592895746e+06,        +6.87926003136635944e+06,        +8.60669056961395405e+06
        -1.60506185693861108e+12,        +9.89199205834330078e+11,        -4.20268629715396545e+11,        -1.39942247989663745e+12,        +7.75176158308763733e+10,        -5.03236281191952576e+11,        +2.98443473832038818e+11,        +8.17231243389287109e+11,        +5.15762515632829407e+11,        -3.72289485123356628e+09,        +6.08244975858044505e+08,        +2.79563416867635345e+09,        -1.49760086427171052e+08,        +2.53143947804577909e+07,        -3.73752277232046099e+06,        +7.55031212052487373e+09,        +2.80651292538219404e+09,        -5.61915496966347575e+08,        +1.39286123137727231e+08,        +8.94040448480092883e+07,        -5.64338674651737362e+07,        +2.38395956017192411e+09,        +8.86137316234000206e+08,        -1.77420985996080697e+08,        +4.39786434723423570e+07,        +2.82287174399135597e+07,        -1.78186087824570276e+07,        +1.05130361505966818e+09,        +3.90778174076448143e+08,        -7.82409765171011984e+07,        +1.93941657569726110e+07,        +1.24485973625067752e+07,        -7.85783791860130057e+06,        +1.04196956948046875e+10,        +3.59864932732320595e+09,        +4.50416165775119305e+08,        +2.54237904967399895e+08,        +1.45396167180750698e+08,        -6.13190062763061151e+07,        +3.28994785502788925e+09,        +1.13624898290721679e+09,        +1.42215832579505652e+08,        +8.02738846328620762e+07,        +4.59078482094340473e+07,        -1.93610580462308154e+07,        +1.45083588292881393e+09,        +5.01075053157395542e+08,        +6.27158368822214752e+07,        +3.54000237752877548e+07,        +2.02449267967901006e+07,        -8.53804345318451710e+06
        -5.27572914109538574e+12,        +3.25694340853649170e+12,        -1.37003938756961646e+12,        -4.49689752849013184e+12,        +3.66443245307751282e+11,        -1.65459400611329419e+12,        +8.17231243389287109e+11,        +2.58943647787548096e+12,        +1.28861796484429004e+12,        +6.55131259301695251e+09,        -2.62130841438642025e+09,        +5.92642598887564778e+08,        +9.36063238118223429e+08,        -4.20969944615905583e+07,        +9.18884415792999044e+06,        +3.16484750088077545e+10,        -3.86236328787077284e+09,        +5.87701273552515030e+08,        -1.87344984573963314e+08,        +1.59884817205184195e+07,        -1.38326664868122414e+07,        +9.99279014664953041e+09,        -1.21951486746438003e+09,        +1.85562669098418206e+08,        -5.91529012173226103e+07,        +5.04825406444445811e+06,        -4.36757010670618527e+06,        +4.40672592824840450e+09,        -5.37794520596588850e+08,        +8.18313817492857426e+07,        -2.60858698821862303e+07,        +2.22623228864980349e+06,        -1.92605710219162330e+06,        +3.71951618641800995e+10,        -6.03360276505831337e+09,        -3.42522772352634847e+08,        -4.53976411600690842e+08,        +1.56415090126228426e+07,        -1.48075311109292787e+07,        +1.17441186937435017e+10,        -1.90506892489109421e+09,        -1.08149229421510398e+08,        -1.43339955918640316e+08,        +4.93869979822308943e+06,        -4.67537696335513331e+06,        +5.17904525089006519e+09,        -8.40117374948846221e+08,        -4.76927871413019225e+07,        -6.32115646411772370e+07,        +2.17791989357065735e+06,        -2.06179701428638073e+06
        -1.79399894437955225e+12,        +1.11472162887425659e+12,        -4.17469464864784119e+11,        -1.68622847753635425e+12,        +9.16042529633125458e+10,        -5.18629518091324036e+11,        +5.15762515632829407e+11,        +1.28861796484429736e+12,        +1.08929675859385046e+12,        -1.62004104234796047e+10,        +4.68429430244651985e+09,        -2.46815524387515455e+08,        +4.90254986935693860e+08,        +9.44392330736336671e+06,        +4.21139997551668808e+06,        +2.05085327495554085e+10,        +7.34426134720954609e+09,        -5.33596888920134842e+08,        +8.88304932852113061e+06,        -6.81600057179005146e+07,        +1.59889947623814512e+07,        +6.47542935086011314e+09,        +2.31890043372991085e+09,        -1.68479578633726865e+08,        +2.80476224454871845e+06,        -2.15210569654259682e+07,        +5.04841605391384847e+06,        +2.85560308964795065e+09,        +1.02261315572310948e+09,        -7.42979004512111396e+07,        +1.23687361830260628e+06,        -9.49058254412071966e+06,        +2.22630372447347129e+06,        +2.80160142066612167e+10,        +9.36417525798048210e+09,        +4.27795923343432724e+08,        +1.50828196812392205e+08,        -9.38560518381862789e+07,        +1.17334461678950768e+07,        +8.84586542115552902e+09,        +2.95667447557599497e+09,        +1.35073645298024476e+08,        +4.76229745200783610e+07,        -2.96344082851082906e+07,        +3.70475560734455613e+06,        +3.90094297359702539e+09,        +1.30386547517757630e+09,        +5.95661998523413092e+07,        +2.10012812756111622e+07,        -1.30684937281577643e+07,        +1.63376217784207151e+06
        +0.00000000000000000e+00,        -1.73774890956254862e+07,        +1.82123415838522941e+08,        -3.37772807801762760e+08,        +1.72084644427981377e+10,        +2.45336813063223392e+08,        -3.72289485123356628e+09,        +6.55131259301695251e+09,        -1.62004104234796047e+10,        +0.00000000000000000e+00,        +0.00000000000000000e+00,        +0.00000000000000000e+00,        +0.00000000000000000e+00,        +0.00000000000000000e+00,        +0.00000000000000000e+00,        +0.00000000000000000e+00,        +0.00000000000000000e+00,        +0.00000000000000000e+00,        +0.00000000000000000e+00,        +0.00000000000000000e+00,        +0.00000000000000000e+00,        +0.00000000000000000e+00,        +0.00000000000000000e+00,        +0.00000000000000000e+00,        +0.00000000000000000e+00,        +0.00000000000000000e+00,        +0.00000000000000000e+00,        +0.00000000000000000e+00,        +0.00000000000000000e+00,        +0.00000000000000000e+00,        +0.00000000000000000e+00,        +0.00000000000000000e+00,        +0.00000000000000000e+00,        +0.00000000000000000e+00,        +0.00000000000000000e+00,        +0.00000000000000000e+00,        +0.00000000000000000e+00,        +0.00000000000000000e+00,        +0.00000000000000000e+00,        +0.00000000000000000e+00,        +0.00000000000000000e+00,        +0.00000000000000000e+00,        +0.00000000000000000e+00,        +0.00000000000000000e+00,        +0.00000000000000000e+00,        +0.00000000000000000e+00,        +0.00000000000000000e+00,        +0.00000000000000000e+00,        +0.00000000000000000e+00,        +0.00000000000000000e+00,        +0.00000000000000000e+00
        +0.00000000000000000e+00,        -1.61487390534923803e+07,        +1.69108476768654287e+08,        -4.60723294797683299e+08,        +5.54324376197680569e+09,        -1.02911199180553913e+09,        +6.08244975858044505e+08,        -2.62130841438642025e+09,        +4.68429430244651985e+09,        +0.00000000000000000e+00,        +0.00000000000000000e+00,        +0.00000000000000000e+00,        +0.00000000000000000e+00,        +0.00000000000000000e+00,        +0.00000000000000000e+00,        +0.00000000000000000e+00,        +0.00000000000000000e+00,        +0.00000000000000000e+00,        +0.00000000000000000e+00,        +0.00000000000000000e+00,        +0.00000000000000000e+00,        +0.00000000000000000e+00,        +0.00000000000000000e+00,        +0.00000000000000000e+00,        +0.00000000000000000e+00,        +0.00000000000000000e+00,        +0.00000000000000000e+00,        +0.00000000000000000e+00,        +0.00000000000000000e+00,        +0.00000000000000000e+00,        +0.00000000000000000e+00,        +0.00000000000000000e+00,        +0.00000000000000000e+00,        +0.00000000000000000e+00,        +0.00000000000000000e+00,        +0.00000000000000000e+00,        +0.00000000000000000e+00,        +0.00000000000000000e+00,        +0.00000000000000000e+00,        +0.00000000000000000e+00,        +0.00000000000000000e+00,        +0.00000000000000000e+00,        +0.00000000000000000e+00,        +0.00000000000000000e+00,        +0.00000000000000000e+00,        +0.00000000000000000e+00,        +0.00000000000000000e+00,        +0.00000000000000000e+00,        +0.00000000000000000e+00,        +0.00000000000000000e+00,        +0.00000000000000000e+00
        +0.00000000000000000e+00,        -9.69820356336877448e+05,        +1.04662907083949819e+07,        -1.49617752955733612e+07,        +1.48856405809058189e+08,        -1.70437200807332933e+08,        +2.79563416867635345e+09,        +5.92642598887564778e+08,        -2.46815524387515455e+08,        +0.00000000000000000e+00,        +0.00000000000000000e+00,        +0.00000000000000000e+00,        +0.00000000000000000e+00,        +0.00000000000000000e+00,        +0.00000000000000000e+00,        +0.00000000000000000e+00,        +0.00000000000000000e+00,        +0.00000000000000000e+00,        +0.00000000000000000e+00,        +0.00000000000000000e+00,        +0.00000000000000000e+00,        +0.00000000000000000e+00,        +0.00000000000000000e+00,        +0.00000000000000000e+00,        +0.00000000000000000e+00,        +0.00000000000000000e+00,        +0.00000000000000000e+00,        +0.00000000000000000e+00,        +0.00000000000000000e+00,        +0.00000000000000000e+00,        +0.00000000000000000e+00,        +0.00000000000000000e+00,        +0.00000000000000000e+00,        +0.00000000000000000e+00,        +0.00000000000000000e+00,        +0.00000000000000000e+00,        +0.00000000000000000e+00,        +0.00000000000000000e+00,        +0.00000000000000000e+00,        +0.00000000000000000e+00,        +0.00000000000000000e+00,        +0.00000000000000000e+00,        +0.00000000000000000e+00,        +0.00000000000000000e+00,        +0.00000000000000000e+00,        +0.00000000000000000e+00,        +0.00000000000000000e+00,        +0.00000000000000000e+00,        +0.00000000000000000e+00,        +0.00000000000000000e+00,        +0.00000000000000000e+00
        -0.00000000000000000e+00,        +1.40318271172520448e+06,        -1.40198612583611198e+07,        -4.37629275417220816e+07,        +6.98923601618918180e+07,        +1.52458462537198752e+08,        -1.49760086427171052e+08,        +9.36063238118223429e+08,        +4.90254986935693860e+08,        +0.00000000000000000e+00,        +0.00000000000000000e+00,        +0.00000000000000000e+00,        +0.00000000000000000e+00,        +0.00000000000000000e+00,        +0.00000000000000000e+00,        +0.00000000000000000e+00,        +0.00000000000000000e+00,        +0.00000000000000000e+00,        +0.00000000000000000e+00,        +0.00000000000000000e+00,        +0.00000000000000000e+00,        +0.00000000000000000e+00,        +0.00000000000000000e+00,        +0.00000000000000000e+00,        +0.00000000000000000e+00,        +0.00000000000000000e+00,        +0.00000000000000000e+00,        +0.00000000000000000e+00,        +0.00000000000000000e+00,        +0.00000000000000000e+00,        +0.00000000000000000e+00,        +0.00000000000000000e+00,        +0.00000000000000000e+00,        +0.00000000000000000e+00,        +0.00000000000000000e+00,        +0.00000000000000000e+00,        +0.00000000000000000e+00,        +0.00000000000000000e+00,        +0.00000000000000000e+00,        +0.00000000000000000e+00,        +0.00000000000000000e+00,        +0.00000000000000000e+00,        +0.00000000000000000e+00,        +0.00000000000000000e+00,        +0.00000000000000000e+00,        +0.00000000000000000e+00,        +0.00000000000000000e+00,        +0.00000000000000000e+00,        +0.00000000000000000e+00,        +0.00000000000000000e+00,        +0.00000000000000000e+00
        +0.00000000000000000e+00,        +6.08110803325597895e+05,        -6.17779207597319596e+06,        +1.08488868024338603e+08,        +2.87346947145890109e+07,        +2.70359503022985280e+08,        +2.53143947804577909e+07,        -4.20969944615905583e+07,        +9.44392330736336671e+06,        +0.00000000000000000e+00,        +0.00000000000000000e+00,        +0.00000000000000000e+00,        +0.00000000000000000e+00,        +0.00000000000000000e+00,        +0.00000000000000000e+00,        +0.00000000000000000e+00,        +0.00000000000000000e+00,        +0.00000000000000000e+00,        +0.00000000000000000e+00,        +0.00000000000000000e+00,        +0.00000000000000000e+00,        +0.00000000000000000e+00,        +0.00000000000000000e+00,        +0.00000000000000000e+00,        +0.00000000000000000e+00,        +0.00000000000000000e+00,        +0.00000000000000000e+00,        +0.00000000000000000e+00,        +0.00000000000000000e+00,        +0.00000000000000000e+00,        +0.00000000000000000e+00,        +0.00000000000000000e+00,        +0.00000000000000000e+00,        +0.00000000000000000e+00,        +0.00000000000000000e+00,        +0.00000000000000000e+00,        +0.00000000000000000e+00,        +0.00000000000000000e+00,        +0.00000000000000000e+00,        +0.00000000000000000e+00,        +0.00000000000000000e+00,        +0.00000000000000000e+00,        +0.00000000000000000e+00,        +0.00000000000000000e+00,        +0.00000000000000000e+00,        +0.00000000000000000e+00,        +0.00000000000000000e+00,        +0.00000000000000000e+00,        +0.00000000000000000e+00,        +0.00000000000000000e+00,        +0.00000000000000000e+00
        +0.00000000000000000e+00,        +2.74526590785165667e+05,        -2.77656119878973998e+06,        +1.10895615502567202e+08,        +2.48005965385430120e+06,        -4.31938203442014977e+07,        -3.73752277232046099e+06,        +9.18884415792999044e+06,        +4.21139997551668808e+06,        +0.00000000000000000e+00,        +0.00000000000000000e+00,        +0.00000000000000000e+00,        +0.00000000000000000e+00,        +0.00000000000000000e+00,        +0.00000000000000000e+00,        +0.00000000000000000e+00,        +0.00000000000000000e+00,        +0.00000000000000000e+00,        +0.00000000000000000e+00,        +0.00000000000000000e+00,        +0.00000000000000000e+00,        +0.00000000000000000e+00,        +0.00000000000000000e+00,        +0.00000000000000000e+00,        +0.00000000000000000e+00,        +0.00000000000000000e+00,        +0.00000000000000000e+00,        +0.00000000000000000e+00,        +0.00000000000000000e+00,        +0.00000000000000000e+00,        +0.00000000000000000e+00,        +0.00000000000000000e+00,        +0.00000000000000000e+00,        +0.00000000000000000e+00,        +0.00000000000000000e+00,        +0.00000000000000000e+00,        +0.00000000000000000e+00,        +0.00000000000000000e+00,        +0.00000000000000000e+00,        +0.00000000000000000e+00,        +0.00000000000000000e+00,        +0.00000000000000000e+00,        +0.00000000000000000e+00,        +0.00000000000000000e+00,        +0.00000000000000000e+00,        +0.00000000000000000e+00,        +0.00000000000000000e+00,        +0.00000000000000000e+00,        +0.00000000000000000e+00,        +0.00000000000000000e+00,        +0.00000000000000000e+00
        +0.00000000000000000e+00,        -1.18242388615678525e+09,        +9.43610888199232292e+09,        -7.78323842789134979e+08,        +7.60093039466300392e+09,        +7.58070876785706043e+09,        +7.55031212052487373e+09,        +3.16484750088077545e+10,        +2.05085327495554085e+10,        +0.00000000000000000e+00,        +0.00000000000000000e+00,        +0.00000000000000000e+00,        +0.00000000000000000e+00,        +0.00000000000000000e+00,        +0.00000000000000000e+00,        -4.86877939413377762e+09,        +0.00000000000000000e+00,        +0.00000000000000000e+00,        +0.00000000000000000e+00,        +0.00000000000000000e+00,        +0.00000000000000000e+00,        +0.00000000000000000e+00,        +0.00000000000000000e+00,        +0.00000000000000000e+00,        +0.00000000000000000e+00,        +0.00000000000000000e+00,        +0.00000000000000000e+00,        +0.00000000000000000e+00,        +0.00000000000000000e+00,        +0.00000000000000000e+00,        +0.00000000000000000e+00,        +0.00000000000000000e+00,        +0.00000000000000000e+00,        +0.00000000000000000e+00,        +0.00000000000000000e+00,        +0.00000000000000000e+00,        +0.00000000000000000e+00,        +0.00000000000000000e+00,        +0.00000000000000000e+00,        +0.00000000000000000e+00,        +0.00000000000000000e+00,        +0.00000000000000000e+00,        +0.00000000000000000e+00,        +0.00000000000000000e+00,        +0.00000000000000000e+00,        +0.00000000000000000e+00,        +0.00000000000000000e+00,        +0.00000000000000000e+00,        +0.00000000000000000e+00,        +0.00000000000000000e+00,        +0.00000000000000000e+00
        +0.00000000000000000e+00,        +2.68779018013218343e+07,        -1.62820330635874420e+08,        +3.54871370527950168e+08,        -6.13878702732745838e+09,        -1.40791021877975583e+08,        +2.80651292538219404e+09,        -3.86236328787077284e+09,        +7.34426134720954609e+09,        +0.00000000000000000e+00,        +0.00000000000000000e+00,        +0.00000000000000000e+00,        +0.00000000000000000e+00,        +0.00000000000000000e+00,        +0.00000000000000000e+00,        +0.00000000000000000e+00,        -4.86877939413377762e+09,        +0.00000000000000000e+00,        +0.00000000000000000e+00,        +0.00000000000000000e+00,        +0.00000000000000000e+00,        +0.00000000000000000e+00,        +0.00000000000000000e+00,        +0.00000000000000000e+00,        +0.00000000000000000e+00,        +0.00000000000000000e+00,        +0.00000000000000000e+00,        +0.00000000000000000e+00,        +0.00000000000000000e+00,        +0.00000000000000000e+00,        +0.00000000000000000e+00,        +0.00000000000000000e+00,        +0.00000000000000000e+00,        +0.00000000000000000e+00,        +0.00000000000000000e+00,        +0.00000000000000000e+00,        +0.00000000000000000e+00,        +0.00000000000000000e+00,        +0.00000000000000000e+00,        +0.00000000000000000e+00,        +0.00000000000000000e+00,        +0.00000000000000000e+00,        +0.00000000000000000e+00,        +0.00000000000000000e+00,        +0.00000000000000000e+00,        +0.00000000000000000e+00,        +0.00000000000000000e+00,        +0.00000000000000000e+00,        +0.00000000000000000e+00,        +0.00000000000000000e+00,        +0.00000000000000000e+00
        +0.00000000000000000e+00,        -6.57819810889869258e+07,        +9.43142089061100602e+08,        -5.93198540816455960e+08,        -1.31601266953120923e+09,        -3.75964305518899620e+08,        -5.61915496966347575e+08,        +5.87701273552515030e+08,        -5.33596888920134842e+08,        +0.00000000000000000e+00,        +0.00000000000000000e+00,        +0.00000000000000000e+00,        +0.00000000000000000e+00,        +0.00000000000000000e+00,        +0.00000000000000000e+00,        +0.00000000000000000e+00,        +0.00000000000000000e+00,        -4.86877939413377762e+09,        +0.00000000000000000e+00,        +0.00000000000000000e+00,        +0.00000000000000000e+00,        +0.00000000000000000e+00,        +0.00000000000000000e+00,        +0.00000000000000000e+00,        +0.00000000000000000e+00,        +0.00000000000000000e+00,        +0.00000000000000000e+00,        +0.00000000000000000e+00,        +0.00000000000000000e+00,        +0.00000000000000000e+00,        +0.00000000000000000e+00,        +0.00000000000000000e+00,        +0.00000000000000000e+00,        +0.00000000000000000e+00,        +0.00000000000000000e+00,        +0.00000000000000000e+00,        +0.00000000000000000e+00,        +0.00000000000000000e+00,        +0.00000000000000000e+00,        +0.00000000000000000e+00,        +0.00000000000000000e+00,        +0.00000000000000000e+00,        +0.00000000000000000e+00,        +0.00000000000000000e+00,        +0.00000000000000000e+00,        +0.00000000000000000e+00,        +0.00000000000000000e+00,        +0.00000000000000000e+00,        +0.00000000000000000e+00,        +0.00000000000000000e+00,        +0.00000000000000000e+00
        +0.00000000000000000e+00,        -4.81392045774547458e+07,        +3.77355629725841582e+08,        -8.64772950020600706e+07,        +1.77996290788541138e+08,        -4.51914816971107274e+07,        +1.39286123137727231e+08,        -1.87344984573963314e+08,        +8.88304932852113061e+06,        +0.00000000000000000e+00,        +0.00000000000000000e+00,        +0.00000000000000000e+00,        +0.00000000000000000e+00,        +0.00000000000000000e+00,        +0.00000000000000000e+00,        +0.00000000000000000e+00,        +0.00000000000000000e+00,        +0.00000000000000000e+00,        -4.86877939413377762e+09,        +0.00000000000000000e+00,        +0.00000000000000000e+00,        +0.00000000000000000e+00,        +0.00000000000000000e+00,        +0.00000000000000000e+00,        +0.00000000000000000e+00,        +0.00000000000000000e+00,        +0.00000000000000000e+00,        +0.00000000000000000e+00,        +0.00000000000000000e+00,        +0.00000000000000000e+00,        +0.00000000000000000e+00,        +0.00000000000000000e+00,        +0.00000000000000000e+00,        +0.00000000000000000e+00,        +0.00000000000000000e+00,        +0.00000000000000000e+00,        +0.00000000000000000e+00,        +0.00000000000000000e+00,        +0.00000000000000000e+00,        +0.00000000000000000e+00,        +0.00000000000000000e+00,        +0.00000000000000000e+00,        +0.00000000000000000e+00,        +0.00000000000000000e+00,        +0.00000000000000000e+00,        +0.00000000000000000e+00,        +0.00000000000000000e+00,        +0.00000000000000000e+00,        +0.00000000000000000e+00,        +0.00000000000000000e+00,        +0.00000000000000000e+00
        -0.00000000000000000e+00,        -4.69843472292331234e+06,        +2.89915054558304884e+07,        +1.10361094154408053e+08,        -4.62759440669478700e+07,        +4.95120668116503581e+07,        +8.94040448480092883e+07,        +1.59884817205184195e+07,        -6.81600057179005146e+07,        +0.00000000000000000e+00,        +0.00000000000000000e+00,        +0.00000000000000000e+00,        +0.00000000000000000e+00,        +0.00000000000000000e+00,        +0.00000000000000000e+00,        +0.00000000000000000e+00,        +0.00000000000000000e+00,        +0.00000000000000000e+00,        +0.00000000000000000e+00,        -4.86877939413377762e+09,        +0.00000000000000000e+00,        +0.00000000000000000e+00,        +0.00000000000000000e+00,        +0.00000000000000000e+00,        +0.00000000000000000e+00,        +0.00000000000000000e+00,        +0.00000000000000000e+00,        +0.00000000000000000e+00,        +0.00000000000000000e+00,        +0.00000000000000000e+00,        +0.00000000000000000e+00,        +0.00000000000000000e+00,        +0.00000000000000000e+00,        +0.00000000000000000e+00,        +0.00000000000000000e+00,        +0.00000000000000000e+00,        +0.00000000000000000e+00,        +0.00000000000000000e+00,        +0.00000000000000000e+00,        +0.00000000000000000e+00,        +0.00000000000000000e+00,        +0.00000000000000000e+00,        +0.00000000000000000e+00,        +0.00000000000000000e+00,        +0.00000000000000000e+00,        +0.00000000000000000e+00,        +0.00000000000000000e+00,        +0.00000000000000000e+00,        +0.00000000000000000e+00,        +0.00000000000000000e+00,        +0.00000000000000000e+00
        +0.00000000000000000e+00,        -4.83143423348054290e+06,        +2.44437756781057753e+07,        +3.37544319171372801e+07,        +2.38232610531871673e+06,        +4.05980960462361053e+07,        -5.64338674651737362e+07,        -1.38326664868122414e+07,        +1.59889947623814512e+07,        +0.00000000000000000e+00,        +0.00000000000000000e+00,        +0.00000000000000000e+00,        +0.00000000000000000e+00,        +0.00000000000000000e+00,        +0.00000000000000000e+00,        +0.00000000000000000e+00,        +0.00000000000000000e+00,        +0.00000000000000000e+00,        +0.00000000000000000e+00,        +0.00000000000000000e+00,        -4.86877939413377762e+09,        +0.00000000000000000e+00,        +0.00000000000000000e+00,        +0.00000000000000000e+00,        +0.00000000000000000e+00,        +0.00000000000000000e+00,        +0.00000000000000000e+00,        +0.00000000000000000e+00,        +0.00000000000000000e+00,        +0.00000000000000000e+00,        +0.00000000000000000e+00,        +0.00000000000000000e+00,        +0.00000000000000000e+00,        +0.00000000000000000e+00,        +0.00000000000000000e+00,        +0.00000000000000000e+00,        +0.00000000000000000e+00,        +0.00000000000000000e+00,        +0.00000000000000000e+00,        +0.00000000000000000e+00,        +0.00000000000000000e+00,        +0.00000000000000000e+00,        +0.00000000000000000e+00,        +0.00000000000000000e+00,        +0.00000000000000000e+00,        +0.00000000000000000e+00,        +0.00000000000000000e+00,        +0.00000000000000000e+00,        +0.00000000000000000e+00,        +0.00000000000000000e+00,        +0.00000000000000000e+00
        +0.00000000000000000e+00,        -3.73342278118053436e+08,        +2.97938702678227901e+09,        -2.45750445320387661e+08,        +2.39994193502275515e+09,        +2.39355709426693916e+09,        +2.38395956017192411e+09,        +9.99279014664953041e+09,        +6.47542935086011314e+09,        +0.00000000000000000e+00,        +0.00000000000000000e+00,        +0.00000000000000000e+00,        +0.00000000000000000e+00,        +0.00000000000000000e+00,        +0.00000000000000000e+00,        +0.00000000000000000e+00,        +0.00000000000000000e+00,        +0.00000000000000000e+00,        +0.00000000000000000e+00,        +0.00000000000000000e+00,        +0.00000000000000000e+00,        -6.38865192107201934e+08,        +0.00000000000000000e+00,        +0.00000000000000000e+00,        +0.00000000000000000e+00,        +0.00000000000000000e+00,        +0.00000000000000000e+00,        +0.00000000000000000e+00,        +0.00000000000000000e+00,        +0.00000000000000000e+00,        +0.00000000000000000e+00,        +0.00000000000000000e+00,        +0.00000000000000000e+00,        +0.00000000000000000e+00,        +0.00000000000000000e+00,        +0.00000000000000000e+00,        +0.00000000000000000e+00,        +0.00000000000000000e+00,        +0.00000000000000000e+00,        +0.00000000000000000e+00,        +0.00000000000000000e+00,        +0.00000000000000000e+00,        +0.00000000000000000e+00,        +0.00000000000000000e+00,        +0.00000000000000000e+00,        +0.00000000000000000e+00,        +0.00000000000000000e+00,        +0.00000000000000000e+00,        +0.00000000000000000e+00,        +0.00000000000000000e+00,        +0.00000000000000000e+00
        +0.00000000000000000e+00,        +8.48651419090857543e+06,        -5.14094089904674068e+07,        +1.12048215079962656e+08,        -1.93828013836325073e+09,        -4.44538049864144921e+07,        +8.86137316234000206e+08,        -1.21951486746438003e+09,        +2.31890043372991085e+09,        +0.00000000000000000e+00,        +0.00000000000000000e+00,        +0.00000000000000000e+00,        +0.00000000000000000e+00,        +0.00000000000000000e+00,        +0.00000000000000000e+00,        +0.00000000000000000e+00,        +0.00000000000000000e+00,        +0.00000000000000000e+00,        +0.00000000000000000e+00,        +0.00000000000000000e+00,        +0.00000000000000000e+00,        +0.00000000000000000e+00,        -6.38865192107201934e+08,        +0.00000000000000000e+00,        +0.00000000000000000e+00,        +0.00000000000000000e+00,        +0.00000000000000000e+00,        +0.00000000000000000e+00,        +0.00000000000000000e+00,        +0.00000000000000000e+00,        +0.00000000000000000e+00,        +0.00000000000000000e+00,        +0.00000000000000000e+00,        +0.00000000000000000e+00,        +0.00000000000000000e+00,        +0.00000000000000000e+00,        +0.00000000000000000e+00,        +0.00000000000000000e+00,        +0.00000000000000000e+00,        +0.00000000000000000e+00,        +0.00000000000000000e+00,        +0.00000000000000000e+00,        +0.00000000000000000e+00,        +0.00000000000000000e+00,        +0.00000000000000000e+00,        +0.00000000000000000e+00,        +0.00000000000000000e+00,        +0.00000000000000000e+00,        +0.00000000000000000e+00,        +0.00000000000000000e+00,        +0.00000000000000000e+00
        +0.00000000000000000e+00,        -2.07702119065823928e+07,        +2.97790682547495604e+08,        -1.87298393746551156e+08,        -4.15522025415050626e+08,        -1.18708165453015983e+08,        -1.77420985996080697e+08,        +1.85562669098418206e+08,        -1.68479578633726865e+08,        +0.00000000000000000e+00,        +0.00000000000000000e+00,        +0.00000000000000000e+00,        +0.00000000000000000e+00,        +0.00000000000000000e+00,        +0.00000000000000000e+00,        +0.00000000000000000e+00,        +0.00000000000000000e+00,        +0.00000000000000000e+00,        +0.00000000000000000e+00,        +0.00000000000000000e+00,        +0.00000000000000000e+00,        +0.00000000000000000e+00,        +0.00000000000000000e+00,        -6.38865192107201934e+08,        +0.00000000000000000e+00,        +0.00000000000000000e+00,        +0.00000000000000000e+00,        +0.00000000000000000e+00,        +0.00000000000000000e+00,        +0.00000000000000000e+00,        +0.00000000000000000e+00,        +0.00000000000000000e+00,        +0.00000000000000000e+00,        +0.00000000000000000e+00,        +0.00000000000000000e+00,        +0.00000000000000000e+00,        +0.00000000000000000e+00,        +0.00000000000000000e+00,        +0.00000000000000000e+00,        +0.00000000000000000e+00,        +0.00000000000000000e+00,        +0.00000000000000000e+00,        +0.00000000000000000e+00,        +0.00000000000000000e+00,        +0.00000000000000000e+00,        +0.00000000000000000e+00,        +0.00000000000000000e+00,        +0.00000000000000000e+00,        +0.00000000000000000e+00,        +0.00000000000000000e+00,        +0.00000000000000000e+00
        +0.00000000000000000e+00,        -1.51996255438930653e+07,        +1.19147466582756221e+08,        -2.73046161360064857e+07,        +5.62011149111258090e+07,        -1.42689021474084798e+07,        +4.39786434723423570e+07,        -5.91529012173226103e+07,        +2.80476224454871845e+06,        +0.00000000000000000e+00,        +0.00000000000000000e+00,        +0.00000000000000000e+00,        +0.00000000000000000e+00,        +0.00000000000000000e+00,        +0.00000000000000000e+00,        +0.00000000000000000e+00,        +0.00000000000000000e+00,        +0.00000000000000000e+00,        +0.00000000000000000e+00,        +0.00000000000000000e+00,        +0.00000000000000000e+00,        +0.00000000000000000e+00,        +0.00000000000000000e+00,        +0.00000000000000000e+00,        -6.38865192107201934e+08,        +0.00000000000000000e+00,        +0.00000000000000000e+00,        +0.00000000000000000e+00,        +0.00000000000000000e+00,        +0.00000000000000000e+00,        +0.00000000000000000e+00,        +0.00000000000000000e+00,        +0.00000000000000000e+00,        +0.00000000000000000e+00,        +0.00000000000000000e+00,        +0.00000000000000000e+00,        +0.00000000000000000e+00,        +0.00000000000000000e+00,        +0.00000000000000000e+00,        +0.00000000000000000e+00,        +0.00000000000000000e+00,        +0.00000000000000000e+00,        +0.00000000000000000e+00,        +0.00000000000000000e+00,        +0.00000000000000000e+00,        +0.00000000000000000e+00,        +0.00000000000000000e+00,        +0.00000000000000000e+00,        +0.00000000000000000e+00,        +0.00000000000000000e+00,        +0.00000000000000000e+00
        +0.00000000000000000e+00,        -1.48349872121287952e+06,        +9.15387013039124198e+06,        +3.48457628347879872e+07,        -1.46113137448299956e+07,        +1.56330974316462446e+07,        +2.82287174399135597e+07,        +5.04825406444445811e+06,        -2.15210569654259682e+07,        +0.00000000000000000e+00,        +0.00000000000000000e+00,        +0.00000000000000000e+00,        +0.00000000000000000e+00,        +0.00000000000000000e+00,        +0.00000000000000000e+00,        +0.00000000000000000e+00,        +0.00000000000000000e+00,        +0.00000000000000000e+00,        +0.00000000000000000e+00,        +0.00000000000000000e+00,        +0.00000000000000000e+00,        +0.00000000000000000e+00,        +0.00000000000000000e+00,        +0.00000000000000000e+00,        +0.00000000000000000e+00,        -6.38865192107201934e+08,        +0.00000000000000000e+00,        +0.00000000000000000e+00,        +0.00000000000000000e+00,        +0.00000000000000000e+00,        +0.00000000000000000e+00,        +0.00000000000000000e+00,        +0.00000000000000000e+00,        +0.00000000000000000e+00,        +0.00000000000000000e+00,        +0.00000000000000000e+00,        +0.00000000000000000e+00,        +0.00000000000000000e+00,        +0.00000000000000000e+00,        +0.00000000000000000e+00,        +0.00000000000000000e+00,        +0.00000000000000000e+00,        +0.00000000000000000e+00,        +0.00000000000000000e+00,        +0.00000000000000000e+00,        +0.00000000000000000e+00,        +0.00000000000000000e+00,        +0.00000000000000000e+00,        +0.00000000000000000e+00,        +0.00000000000000000e+00,        +0.00000000000000000e+00
        +0.00000000000000000e+00,        -1.52549240963659156e+06,        +7.71795546784194093e+06,        +1.06577316781756822e+07,        +7.52203220683132415e+05,        +1.28185719542776234e+07,        -1.78186087824570276e+07,        -4.36757010670618527e+06,        +5.04841605391384847e+06,        +0.00000000000000000e+00,        +0.00000000000000000e+00,        +0.00000000000000000e+00,        +0.00000000000000000e+00,        +0.00000000000000000e+00,        +0.00000000000000000e+00,        +0.00000000000000000e+00,        +0.00000000000000000e+00,        +0.00000000000000000e+00,        +0.00000000000000000e+00,        +0.00000000000000000e+00,        +0.00000000000000000e+00,        +0.00000000000000000e+00,        +0.00000000000000000e+00,        +0.00000000000000000e+00,        +0.00000000000000000e+00,        +0.00000000000000000e+00,        -6.38865192107201934e+08,        +0.00000000000000000e+00,        +0.00000000000000000e+00,        +0.00000000000000000e+00,        +0.00000000000000000e+00,        +0.00000000000000000e+00,        +0.00000000000000000e+00,        +0.00000000000000000e+00,        +0.00000000000000000e+00,        +0.00000000000000000e+00,        +0.00000000000000000e+00,        +0.00000000000000000e+00,        +0.00000000000000000e+00,        +0.00000000000000000e+00,        +0.00000000000000000e+00,        +0.00000000000000000e+00,        +0.00000000000000000e+00,        +0.00000000000000000e+00,        +0.00000000000000000e+00,        +0.00000000000000000e+00,        +0.00000000000000000e+00,        +0.00000000000000000e+00,        +0.00000000000000000e+00,        +0.00000000000000000e+00,        +0.00000000000000000e+00
        +0.00000000000000000e+00,        -1.64640413032768011e+08,        +1.31388149541102052e+09,        -1.08373621719159871e+08,        +1.05835169118420827e+09,        +1.05553603680805564e+09,        +1.05130361505966818e+09,        +4.40672592824840450e+09,        +2.85560308964795065e+09,        +0.00000000000000000e+00,        +0.00000000000000000e+00,        +0.00000000000000000e+00,        +0.00000000000000000e+00,        +0.00000000000000000e+00,        +0.00000000000000000e+00,        +0.00000000000000000e+00,        +0.00000000000000000e+00,        +0.00000000000000000e+00,        +0.00000000000000000e+00,        +0.00000000000000000e+00,        +0.00000000000000000e+00,        +0.00000000000000000e+00,        +0.00000000000000000e+00,        +0.00000000000000000e+00,        +0.00000000000000000e+00,        +0.00000000000000000e+00,        +0.00000000000000000e+00,        -1.08351332120847683e+07,        +0.00000000000000000e+00,        +0.00000000000000000e+00,        +0.00000000000000000e+00,        +0.00000000000000000e+00,        +0.00000000000000000e+00,        +0.00000000000000000e+00,        +0.00000000000000000e+00,        +0.00000000000000000e+00,        +0.00000000000000000e+00,        +0.00000000000000000e+00,        +0.00000000000000000e+00,        +0.00000000000000000e+00,        +0.00000000000000000e+00,        +0.00000000000000000e+00,        +0.00000000000000000e+00,        +0.00000000000000000e+00,        +0.00000000000000000e+00,        +0.00000000000000000e+00,        +0.00000000000000000e+00,        +0.00000000000000000e+00,        +0.00000000000000000e+00,        +0.00000000000000000e+00,        +0.00000000000000000e+00
        +0.00000000000000000e+00,        +3.74247248032761831e+06,        -2.26710630594177060e+07,        +4.94122029343705922e+07,        -8.54763205929837584e+08,        -1.96037074899058715e+07,        +3.90778174076448143e+08,        -5.37794520596588850e+08,        +1.02261315572310948e+09,        +0.00000000000000000e+00,        +0.00000000000000000e+00,        +0.00000000000000000e+00,        +0.00000000000000000e+00,        +0.00000000000000000e+00,        +0.00000000000000000e+00,        +0.00000000000000000e+00,        +0.00000000000000000e+00,        +0.00000000000000000e+00,        +0.00000000000000000e+00,        +0.00000000000000000e+00,        +0.00000000000000000e+00,        +0.00000000000000000e+00,        +0.00000000000000000e+00,        +0.00000000000000000e+00,        +0.00000000000000000e+00,        +0.00000000000000000e+00,        +0.00000000000000000e+00,        +0.00000000000000000e+00,        -1.08351332120847683e+07,        +0.00000000000000000e+00,        +0.00000000000000000e+00,        +0.00000000000000000e+00,        +0.00000000000000000e+00,        +0.00000000000000000e+00,        +0.00000000000000000e+00,        +0.00000000000000000e+00,        +0.00000000000000000e+00,        +0.00000000000000000e+00,        +0.00000000000000000e+00,        +0.00000000000000000e+00,        +0.00000000000000000e+00,        +0.00000000000000000e+00,        +0.00000000000000000e+00,        +0.00000000000000000e+00,        +0.00000000000000000e+00,        +0.00000000000000000e+00,        +0.00000000000000000e+00,        +0.00000000000000000e+00,        +0.00000000000000000e+00,        +0.00000000000000000e+00,        +0.00000000000000000e+00
        +0.00000000000000000e+00,        -9.15946697576141171e+06,        +1.31322874063639998e+08,        -8.25968199000900984e+07,        -1.83241282593004435e+08,        -5.23491780493360609e+07,        -7.82409765171011984e+07,        +8.18313817492857426e+07,        -7.42979004512111396e+07,        +0.00000000000000000e+00,        +0.00000000000000000e+00,        +0.00000000000000000e+00,        +0.00000000000000000e+00,        +0.00000000000000000e+00,        +0.00000000000000000e+00,        +0.00000000000000000e+00,        +0.00000000000000000e+00,        +0.00000000000000000e+00,        +0.00000000000000000e+00,        +0.00000000000000000e+00,        +0.00000000000000000e+00,        +0.00000000000000000e+00,        +0.00000000000000000e+00,        +0.00000000000000000e+00,        +0.00000000000000000e+00,        +0.00000000000000000e+00,        +0.00000000000000000e+00,        +0.00000000000000000e+00,        +0.00000000000000000e+00,        -1.08351332120847683e+07,        +0.00000000000000000e+00,        +0.00000000000000000e+00,        +0.00000000000000000e+00,        +0.00000000000000000e+00,        +0.00000000000000000e+00,        +0.00000000000000000e+00,        +0.00000000000000000e+00,        +0.00000000000000000e+00,        +0.00000000000000000e+00,        +0.00000000000000000e+00,        +0.00000000000000000e+00,        +0.00000000000000000e+00,        +0.00000000000000000e+00,        +0.00000000000000000e+00,        +0.00000000000000000e+00,        +0.00000000000000000e+00,        +0.00000000000000000e+00,        +0.00000000000000000e+00,        +0.00000000000000000e+00,        +0.00000000000000000e+00,        +0.00000000000000000e+00
        +0.00000000000000000e+00,        -6.70289108456842788e+06,        +5.25429056919989288e+07,        -1.20410774289854243e+07,        +2.47841600434654206e+07,        -6.29245087086182740e+06,        +1.93941657569726110e+07,        -2.60858698821862303e+07,        +1.23687361830260628e+06,        +0.00000000000000000e+00,        +0.00000000000000000e+00,        +0.00000000000000000e+00,        +0.00000000000000000e+00,        +0.00000000000000000e+00,        +0.00000000000000000e+00,        +0.00000000000000000e+00,        +0.00000000000000000e+00,        +0.00000000000000000e+00,        +0.00000000000000000e+00,        +0.00000000000000000e+00,        +0.00000000000000000e+00,        +0.00000000000000000e+00,        +0.00000000000000000e+00,        +0.00000000000000000e+00,        +0.00000000000000000e+00,        +0.00000000000000000e+00,        +0.00000000000000000e+00,        +0.00000000000000000e+00,        +0.00000000000000000e+00,        +0.00000000000000000e+00,        -1.08351332120847683e+07,        +0.00000000000000000e+00,        +0.00000000000000000e+00,        +0.00000000000000000e+00,        +0.00000000000000000e+00,        +0.00000000000000000e+00,        +0.00000000000000000e+00,        +0.00000000000000000e+00,        +0.00000000000000000e+00,        +0.00000000000000000e+00,        +0.00000000000000000e+00,        +0.00000000000000000e+00,        +0.00000000000000000e+00,        +0.00000000000000000e+00,        +0.00000000000000000e+00,        +0.00000000000000000e+00,        +0.00000000000000000e+00,        +0.00000000000000000e+00,        +0.00000000000000000e+00,        +0.00000000000000000e+00,        +0.00000000000000000e+00
        -0.00000000000000000e+00,        -6.54208902954302146e+05,        +4.03677013681096584e+06,        +1.53666517879533768e+07,        -6.44345114629503619e+06,        +6.89404808665649407e+06,        +1.24485973625067752e+07,        +2.22623228864980349e+06,        -9.49058254412071966e+06,        +0.00000000000000000e+00,        +0.00000000000000000e+00,        +0.00000000000000000e+00,        +0.00000000000000000e+00,        +0.00000000000000000e+00,        +0.00000000000000000e+00,        +0.00000000000000000e+00,        +0.00000000000000000e+00,        +0.00000000000000000e+00,        +0.00000000000000000e+00,        +0.00000000000000000e+00,        +0.00000000000000000e+00,        +0.00000000000000000e+00,        +0.00000000000000000e+00,        +0.00000000000000000e+00,        +0.00000000000000000e+00,        +0.00000000000000000e+00,        +0.00000000000000000e+00,        +0.00000000000000000e+00,        +0.00000000000000000e+00,        +0.00000000000000000e+00,        +0.00000000000000000e+00,        -1.08351332120847683e+07,        +0.00000000000000000e+00,        +0.00000000000000000e+00,        +0.00000000000000000e+00,        +0.00000000000000000e+00,        +0.00000000000000000e+00,        +0.00000000000000000e+00,        +0.00000000000000000e+00,        +0.00000000000000000e+00,        +0.00000000000000000e+00,        +0.00000000000000000e+00,        +0.00000000000000000e+00,        +0.00000000000000000e+00,        +0.00000000000000000e+00,        +0.00000000000000000e+00,        +0.00000000000000000e+00,        +0.00000000000000000e+00,        +0.00000000000000000e+00,        +0.00000000000000000e+00,        +0.00000000000000000e+00
        +0.00000000000000000e+00,        -6.72727722311436781e+05,        +3.40354535360768158e+06,        +4.69995885366193112e+06,        +3.31714504883074784e+05,        +5.65286897503524646e+06,        -7.85783791860130057e+06,        -1.92605710219162330e+06,        +2.22630372447347129e+06,        +0.00000000000000000e+00,        +0.00000000000000000e+00,        +0.00000000000000000e+00,        +0.00000000000000000e+00,        +0.00000000000000000e+00,        +0.00000000000000000e+00,        +0.00000000000000000e+00,        +0.00000000000000000e+00,        +0.00000000000000000e+00,        +0.00000000000000000e+00,        +0.00000000000000000e+00,        +0.00000000000000000e+00,        +0.00000000000000000e+00,        +0.00000000000000000e+00,        +0.00000000000000000e+00,        +0.00000000000000000e+00,        +0.00000000000000000e+00,        +0.00000000000000000e+00,        +0.00000000000000000e+00,        +0.00000000000000000e+00,        +0.00000000000000000e+00,        +0.00000000000000000e+00,        +0.00000000000000000e+00,        -1.08351332120847683e+07,        +0.00000000000000000e+00,        +0.00000000000000000e+00,        +0.00000000000000000e+00,        +0.00000000000000000e+00,        +0.00000000000000000e+00,        +0.00000000000000000e+00,        +0.00000000000000000e+00,        +0.00000000000000000e+00,        +0.00000000000000000e+00,        +0.00000000000000000e+00,        +0.00000000000000000e+00,        +0.00000000000000000e+00,        +0.00000000000000000e+00,        +0.00000000000000000e+00,        +0.00000000000000000e+00,        +0.00000000000000000e+00,        +0.00000000000000000e+00,        +0.00000000000000000e+00
        +3.20795425273967281e-05,        -1.41204668634460902e+09,        +1.11725571778543053e+10,        -6.33785947388031483e+08,        +7.29748737144882870e+09,        +9.34525238369185638e+09,        +1.04196956948046875e+10,        +3.71951618641800995e+10,        +2.80160142066612167e+10,        +0.00000000000000000e+00,        +0.00000000000000000e+00,        +0.00000000000000000e+00,        +0.00000000000000000e+00,        +0.00000000000000000e+00,        +0.00000000000000000e+00,        +0.00000000000000000e+00,        +0.00000000000000000e+00,        +0.00000000000000000e+00,        +0.00000000000000000e+00,        +0.00000000000000000e+00,        +0.00000000000000000e+00,        +0.00000000000000000e+00,        +0.00000000000000000e+00,        +0.00000000000000000e+00,        +0.00000000000000000e+00,        +0.00000000000000000e+00,        +0.00000000000000000e+00,        +0.00000000000000000e+00,        +0.00000000000000000e+00,        +0.00000000000000000e+00,        +0.00000000000000000e+00,        +0.00000000000000000e+00,        +0.00000000000000000e+00,        -4.86877939413377762e+09,        +0.00000000000000000e+00,        +0.00000000000000000e+00,        +0.00000000000000000e+00,        +0.00000000000000000e+00,        +0.00000000000000000e+00,        +0.00000000000000000e+00,        +0.00000000000000000e+00,        +0.00000000000000000e+00,        +0.00000000000000000e+00,        +0.00000000000000000e+00,        +0.00000000000000000e+00,        +0.00000000000000000e+00,        +0.00000000000000000e+00,        +0.00000000000000000e+00,        +0.00000000000000000e+00,        +0.00000000000000000e+00,        +0.00000000000000000e+00
        +1.07223838554078510e-05,        +1.36433208211105645e+08,        -1.19353694100066328e+09,        +8.33954516970723152e+08,        -8.15357155593480873e+09,        -1.99697399824947923e+08,        +3.59864932732320595e+09,        -6.03360276505831337e+09,        +9.36417525798048210e+09,        +0.00000000000000000e+00,        +0.00000000000000000e+00,        +0.00000000000000000e+00,        +0.00000000000000000e+00,        +0.00000000000000000e+00,        +0.00000000000000000e+00,        +0.00000000000000000e+00,        +0.00000000000000000e+00,        +0.00000000000000000e+00,        +0.00000000000000000e+00,        +0.00000000000000000e+00,        +0.00000000000000000e+00,        +0.00000000000000000e+00,        +0.00000000000000000e+00,        +0.00000000000000000e+00,        +0.00000000000000000e+00,        +0.00000000000000000e+00,        +0.00000000000000000e+00,        +0.00000000000000000e+00,        +0.00000000000000000e+00,        +0.00000000000000000e+00,        +0.00000000000000000e+00,        +0.00000000000000000e+00,        +0.00000000000000000e+00,        +0.00000000000000000e+00,        -4.86877939413377762e+09,        +0.00000000000000000e+00,        +0.00000000000000000e+00,        +0.00000000000000000e+00,        +0.00000000000000000e+00,        +0.00000000000000000e+00,        +0.00000000000000000e+00,        +0.00000000000000000e+00,        +0.00000000000000000e+00,        +0.00000000000000000e+00,        +0.00000000000000000e+00,        +0.00000000000000000e+00,        +0.00000000000000000e+00,        +0.00000000000000000e+00,        +0.00000000000000000e+00,        +0.00000000000000000e+00,        +0.00000000000000000e+00
        +4.89844751459314812e-07,        +1.23005684343166992e+08,        -1.48845422372649360e+09,        +7.76877557959486842e+08,        +1.23151942082262659e+09,        +4.67698471816826403e+08,        +4.50416165775119305e+08,        -3.42522772352634847e+08,        +4.27795923343432724e+08,        +0.00000000000000000e+00,        +0.00000000000000000e+00,        +0.00000000000000000e+00,        +0.00000000000000000e+00,        +0.00000000000000000e+00,        +0.00000000000000000e+00,        +0.00000000000000000e+00,        +0.00000000000000000e+00,        +0.00000000000000000e+00,        +0.00000000000000000e+00,        +0.00000000000000000e+00,        +0.00000000000000000e+00,        +0.00000000000000000e+00,        +0.00000000000000000e+00,        +0.00000000000000000e+00,        +0.00000000000000000e+00,        +0.00000000000000000e+00,        +0.00000000000000000e+00,        +0.00000000000000000e+00,        +0.00000000000000000e+00,        +0.00000000000000000e+00,        +0.00000000000000000e+00,        +0.00000000000000000e+00,        +0.00000000000000000e+00,        +0.00000000000000000e+00,        +0.00000000000000000e+00,        -4.86877939413377762e+09,        +0.00000000000000000e+00,        +0.00000000000000000e+00,        +0.00000000000000000e+00,        +0.00000000000000000e+00,        +0.00000000000000000e+00,        +0.00000000000000000e+00,        +0.00000000000000000e+00,        +0.00000000000000000e+00,        +0.00000000000000000e+00,        +0.00000000000000000e+00,        +0.00000000000000000e+00,        +0.00000000000000000e+00,        +0.00000000000000000e+00,        +0.00000000000000000e+00,        +0.00000000000000000e+00
        +1.72704779426592291e-07,        -7.44249202613435686e+07,        +5.77746782365955472e+08,        -1.14940658313515931e+08,        +5.24986424695109427e+08,        -4.84620830623897836e+07,        +2.54237904967399895e+08,        -4.53976411600690842e+08,        +1.50828196812392205e+08,        +0.00000000000000000e+00,        +0.00000000000000000e+00,        +0.00000000000000000e+00,        +0.00000000000000000e+00,        +0.00000000000000000e+00,        +0.00000000000000000e+00,        +0.00000000000000000e+00,        +0.00000000000000000e+00,        +0.00000000000000000e+00,        +0.00000000000000000e+00,        +0.00000000000000000e+00,        +0.00000000000000000e+00,        +0.00000000000000000e+00,        +0.00000000000000000e+00,        +0.00000000000000000e+00,        +0.00000000000000000e+00,        +0.00000000000000000e+00,        +0.00000000000000000e+00,        +0.00000000000000000e+00,        +0.00000000000000000e+00,        +0.00000000000000000e+00,        +0.00000000000000000e+00,        +0.00000000000000000e+00,        +0.00000000000000000e+00,        +0.00000000000000000e+00,        +0.00000000000000000e+00,        +0.00000000000000000e+00,        -4.86877939413377762e+09,        +0.00000000000000000e+00,        +0.00000000000000000e+00,        +0.00000000000000000e+00,        +0.00000000000000000e+00,        +0.00000000000000000e+00,        +0.00000000000000000e+00,        +0.00000000000000000e+00,        +0.00000000000000000e+00,        +0.00000000000000000e+00,        +0.00000000000000000e+00,        +0.00000000000000000e+00,        +0.00000000000000000e+00,        +0.00000000000000000e+00,        +0.00000000000000000e+00
        -1.07469220431819115e-07,        -9.96420147652498819e+06,        +4.52149088123788759e+07,        +1.14370558480054542e+08,        -5.14916485906382129e+07,        +4.94058611147454232e+07,        +1.45396167180750698e+08,        +1.56415090126228426e+07,        -9.38560518381862789e+07,        +0.00000000000000000e+00,        +0.00000000000000000e+00,        +0.00000000000000000e+00,        +0.00000000000000000e+00,        +0.00000000000000000e+00,        +0.00000000000000000e+00,        +0.00000000000000000e+00,        +0.00000000000000000e+00,        +0.00000000000000000e+00,        +0.00000000000000000e+00,        +0.00000000000000000e+00,        +0.00000000000000000e+00,        +0.00000000000000000e+00,        +0.00000000000000000e+00,        +0.00000000000000000e+00,        +0.00000000000000000e+00,        +0.00000000000000000e+00,        +0.00000000000000000e+00,        +0.00000000000000000e+00,        +0.00000000000000000e+00,        +0.00000000000000000e+00,        +0.00000000000000000e+00,        +0.00000000000000000e+00,        +0.00000000000000000e+00,        +0.00000000000000000e+00,        +0.00000000000000000e+00,        +0.00000000000000000e+00,        +0.00000000000000000e+00,        -4.86877939413377762e+09,        +0.00000000000000000e+00,        +0.00000000000000000e+00,        +0.00000000000000000e+00,        +0.00000000000000000e+00,        +0.00000000000000000e+00,        +0.00000000000000000e+00,        +0.00000000000000000e+00,        +0.00000000000000000e+00,        +0.00000000000000000e+00,        +0.00000000000000000e+00,        +0.00000000000000000e+00,        +0.00000000000000000e+00,        +0.00000000000000000e+00
        +1.34353010588642164e-08,        -3.73517915685725259e+06,        +3.00086194593850821e+07,        +4.91061085477818474e+07,        -3.57711102827689610e+06,        +6.18120200430159792e+07,        -6.13190062763061151e+07,        -1.48075311109292787e+07,        +1.17334461678950768e+07,        +0.00000000000000000e+00,        +0.00000000000000000e+00,        +0.00000000000000000e+00,        +0.00000000000000000e+00,        +0.00000000000000000e+00,        +0.00000000000000000e+00,        +0.00000000000000000e+00,        +0.00000000000000000e+00,        +0.00000000000000000e+00,        +0.00000000000000000e+00,        +0.00000000000000000e+00,        +0.00000000000000000e+00,        +0.00000000000000000e+00,        +0.00000000000000000e+00,        +0.00000000000000000e+00,        +0.00000000000000000e+00,        +0.00000000000000000e+00,        +0.00000000000000000e+00,        +0.00000000000000000e+00,        +0.00000000000000000e+00,        +0.00000000000000000e+00,        +0.00000000000000000e+00,        +0.00000000000000000e+00,        +0.00000000000000000e+00,        +0.00000000000000000e+00,        +0.00000000000000000e+00,        +0.00000000000000000e+00,        +0.00000000000000000e+00,        +0.00000000000000000e+00,        -4.86877939413377762e+09,        +0.00000000000000000e+00,        +0.00000000000000000e+00,        +0.00000000000000000e+00,        +0.00000000000000000e+00,        +0.00000000000000000e+00,        +0.00000000000000000e+00,        +0.00000000000000000e+00,        +0.00000000000000000e+00,        +0.00000000000000000e+00,        +0.00000000000000000e+00,        +0.00000000000000000e+00,        +0.00000000000000000e+00
        +1.01288967758345930e-05,        -4.45844111287720561e+08,        +3.52765873390961885e+09,        -2.00113590572105199e+08,        +2.30413186987426758e+09,        +2.95069970707024479e+09,        +3.28994785502788925e+09,        +1.17441186937435017e+10,        +8.84586542115552902e+09,        +0.00000000000000000e+00,        +0.00000000000000000e+00,        +0.00000000000000000e+00,        +0.00000000000000000e+00,        +0.00000000000000000e+00,        +0.00000000000000000e+00,        +0.00000000000000000e+00,        +0.00000000000000000e+00,        +0.00000000000000000e+00,        +0.00000000000000000e+00,        +0.00000000000000000e+00,        +0.00000000000000000e+00,        +0.00000000000000000e+00,        +0.00000000000000000e+00,        +0.00000000000000000e+00,        +0.00000000000000000e+00,        +0.00000000000000000e+00,        +0.00000000000000000e+00,        +0.00000000000000000e+00,        +0.00000000000000000e+00,        +0.00000000000000000e+00,        +0.00000000000000000e+00,        +0.00000000000000000e+00,        +0.00000000000000000e+00,        +0.00000000000000000e+00,        +0.00000000000000000e+00,        +0.00000000000000000e+00,        +0.00000000000000000e+00,        +0.00000000000000000e+00,        +0.00000000000000000e+00,        -6.38865192107201934e+08,        +0.00000000000000000e+00,        +0.00000000000000000e+00,        +0.00000000000000000e+00,        +0.00000000000000000e+00,        +0.00000000000000000e+00,        +0.00000000000000000e+00,        +0.00000000000000000e+00,        +0.00000000000000000e+00,        +0.00000000000000000e+00,        +0.00000000000000000e+00,        +0.00000000000000000e+00
        +3.38551957745498692e-06,        +4.30778550406710133e+07,        -3.76851149395806074e+08,        +2.63315451301198274e+08,        -2.57443461277272320e+09,        -6.30530920913855806e+07,        +1.13624898290721679e+09,        -1.90506892489109421e+09,        +2.95667447557599497e+09,        +0.00000000000000000e+00,        +0.00000000000000000e+00,        +0.00000000000000000e+00,        +0.00000000000000000e+00,        +0.00000000000000000e+00,        +0.00000000000000000e+00,        +0.00000000000000000e+00,        +0.00000000000000000e+00,        +0.00000000000000000e+00,        +0.00000000000000000e+00,        +0.00000000000000000e+00,        +0.00000000000000000e+00,        +0.00000000000000000e+00,        +0.00000000000000000e+00,        +0.00000000000000000e+00,        +0.00000000000000000e+00,        +0.00000000000000000e+00,        +0.00000000000000000e+00,        +0.00000000000000000e+00,        +0.00000000000000000e+00,        +0.00000000000000000e+00,        +0.00000000000000000e+00,        +0.00000000000000000e+00,        +0.00000000000000000e+00,        +0.00000000000000000e+00,        +0.00000000000000000e+00,        +0.00000000000000000e+00,        +0.00000000000000000e+00,        +0.00000000000000000e+00,        +0.00000000000000000e+00,        +0.00000000000000000e+00,        -6.38865192107201934e+08,        +0.00000000000000000e+00,        +0.00000000000000000e+00,        +0.00000000000000000e+00,        +0.00000000000000000e+00,        +0.00000000000000000e+00,        +0.00000000000000000e+00,        +0.00000000000000000e+00,        +0.00000000000000000e+00,        +0.00000000000000000e+00,        +0.00000000000000000e+00
        +1.54665139612836798e-07,        +3.88382059528683051e+07,        -4.69969270129243314e+08,        +2.45293790748850256e+08,        +3.88843858365340948e+08,        +1.47672602849696904e+08,        +1.42215832579505652e+08,        -1.08149229421510398e+08,        +1.35073645298024476e+08,        +0.00000000000000000e+00,        +0.00000000000000000e+00,        +0.00000000000000000e+00,        +0.00000000000000000e+00,        +0.00000000000000000e+00,        +0.00000000000000000e+00,        +0.00000000000000000e+00,        +0.00000000000000000e+00,        +0.00000000000000000e+00,        +0.00000000000000000e+00,        +0.00000000000000000e+00,        +0.00000000000000000e+00,        +0.00000000000000000e+00,        +0.00000000000000000e+00,        +0.00000000000000000e+00,        +0.00000000000000000e+00,        +0.00000000000000000e+00,        +0.00000000000000000e+00,        +0.00000000000000000e+00,        +0.00000000000000000e+00,        +0.00000000000000000e+00,        +0.00000000000000000e+00,        +0.00000000000000000e+00,        +0.00000000000000000e+00,        +0.00000000000000000e+00,        +0.00000000000000000e+00,        +0.00000000000000000e+00,        +0.00000000000000000e+00,        +0.00000000000000000e+00,        +0.00000000000000000e+00,        +0.00000000000000000e+00,        +0.00000000000000000e+00,        -6.38865192107201934e+08,        +0.00000000000000000e+00,        +0.00000000000000000e+00,        +0.00000000000000000e+00,        +0.00000000000000000e+00,        +0.00000000000000000e+00,        +0.00000000000000000e+00,        +0.00000000000000000e+00,        +0.00000000000000000e+00,        +0.00000000000000000e+00
        +5.45303562858255045e-08,        -2.34991610068338513e+07,        +1.82419606394250602e+08,        -3.62917289861537889e+07,        +1.65760883276621461e+08,        -1.53015722235332690e+07,        +8.02738846328620762e+07,        -1.43339955918640316e+08,        +4.76229745200783610e+07,        +0.00000000000000000e+00,        +0.00000000000000000e+00,        +0.00000000000000000e+00,        +0.00000000000000000e+00,        +0.00000000000000000e+00,        +0.00000000000000000e+00,        +0.00000000000000000e+00,        +0.00000000000000000e+00,        +0.00000000000000000e+00,        +0.00000000000000000e+00,        +0.00000000000000000e+00,        +0.00000000000000000e+00,        +0.00000000000000000e+00,        +0.00000000000000000e+00,        +0.00000000000000000e+00,        +0.00000000000000000e+00,        +0.00000000000000000e+00,        +0.00000000000000000e+00,        +0.00000000000000000e+00,        +0.00000000000000000e+00,        +0.00000000000000000e+00,        +0.00000000000000000e+00,        +0.00000000000000000e+00,        +0.00000000000000000e+00,        +0.00000000000000000e+00,        +0.00000000000000000e+00,        +0.00000000000000000e+00,        +0.00000000000000000e+00,        +0.00000000000000000e+00,        +0.00000000000000000e+00,        +0.00000000000000000e+00,        +0.00000000000000000e+00,        +0.00000000000000000e+00,        -6.38865192107201934e+08,        +0.00000000000000000e+00,        +0.00000000000000000e+00,        +0.00000000000000000e+00,        +0.00000000000000000e+00,        +0.00000000000000000e+00,        +0.00000000000000000e+00,        +0.00000000000000000e+00,        +0.00000000000000000e+00
        -3.39326734289825180e-08,        -3.14612866200154228e+06,        +1.42762990992853325e+07,        +3.61117238517252281e+07,        -1.62581368779403083e+07,        +1.55995637071538493e+07,        +4.59078482094340473e+07,        +4.93869979822308943e+06,        -2.96344082851082906e+07,        +0.00000000000000000e+00,        +0.00000000000000000e+00,        +0.00000000000000000e+00,        +0.00000000000000000e+00,        +0.00000000000000000e+00,        +0.00000000000000000e+00,        +0.00000000000000000e+00,        +0.00000000000000000e+00,        +0.00000000000000000e+00,        +0.00000000000000000e+00,        +0.00000000000000000e+00,        +0.00000000000000000e+00,        +0.00000000000000000e+00,        +0.00000000000000000e+00,        +0.00000000000000000e+00,        +0.00000000000000000e+00,        +0.00000000000000000e+00,        +0.00000000000000000e+00,        +0.00000000000000000e+00,        +0.00000000000000000e+00,        +0.00000000000000000e+00,        +0.00000000000000000e+00,        +0.00000000000000000e+00,        +0.00000000000000000e+00,        +0.00000000000000000e+00,        +0.00000000000000000e+00,        +0.00000000000000000e+00,        +0.00000000000000000e+00,        +0.00000000000000000e+00,        +0.00000000000000000e+00,        +0.00000000000000000e+00,        +0.00000000000000000e+00,        +0.00000000000000000e+00,        +0.00000000000000000e+00,        -6.38865192107201934e+08,        +0.00000000000000000e+00,        +0.00000000000000000e+00,        +0.00000000000000000e+00,        +0.00000000000000000e+00,        +0.00000000000000000e+00,        +0.00000000000000000e+00,        +0.00000000000000000e+00
        +4.24210468279829889e-09,        -1.17935734547166526e+06,        +9.47501694046379626e+06,        +1.55049188783981893e+07,        -1.12944841187099298e+06,        +1.95167237807968557e+07,        -1.93610580462308154e+07,        -4.67537696335513331e+06,        +3.70475560734455613e+06,        +0.00000000000000000e+00,        +0.00000000000000000e+00,        +0.00000000000000000e+00,        +0.00000000000000000e+00,        +0.00000000000000000e+00,        +0.00000000000000000e+00,        +0.00000000000000000e+00,        +0.00000000000000000e+00,        +0.00000000000000000e+00,        +0.00000000000000000e+00,        +0.00000000000000000e+00,        +0.00000000000000000e+00,        +0.00000000000000000e+00,        +0.00000000000000000e+00,        +0.00000000000000000e+00,        +0.00000000000000000e+00,        +0.00000000000000000e+00,        +0.00000000000000000e+00,        +0.00000000000000000e+00,        +0.00000000000000000e+00,        +0.00000000000000000e+00,        +0.00000000000000000e+00,        +0.00000000000000000e+00,        +0.00000000000000000e+00,        +0.00000000000000000e+00,        +0.00000000000000000e+00,        +0.00000000000000000e+00,        +0.00000000000000000e+00,        +0.00000000000000000e+00,        +0.00000000000000000e+00,        +0.00000000000000000e+00,        +0.00000000000000000e+00,        +0.00000000000000000e+00,        +0.00000000000000000e+00,        +0.00000000000000000e+00,        -6.38865192107201934e+08,        +0.00000000000000000e+00,        +0.00000000000000000e+00,        +0.00000000000000000e+00,        +0.00000000000000000e+00,        +0.00000000000000000e+00,        +0.00000000000000000e+00
        +4.46674766422345920e-06,        -1.96613035632216483e+08,        +1.55566413189850378e+09,        -8.82482004752851427e+07,        +1.01610035876544762e+09,        +1.30123065878463960e+09,        +1.45083588292881393e+09,        +5.17904525089006519e+09,        +3.90094297359702539e+09,        +0.00000000000000000e+00,        +0.00000000000000000e+00,        +0.00000000000000000e+00,        +0.00000000000000000e+00,        +0.00000000000000000e+00,        +0.00000000000000000e+00,        +0.00000000000000000e+00,        +0.00000000000000000e+00,        +0.00000000000000000e+00,        +0.00000000000000000e+00,        +0.00000000000000000e+00,        +0.00000000000000000e+00,        +0.00000000000000000e+00,        +0.00000000000000000e+00,        +0.00000000000000000e+00,        +0.00000000000000000e+00,        +0.00000000000000000e+00,        +0.00000000000000000e+00,        +0.00000000000000000e+00,        +0.00000000000000000e+00,        +0.00000000000000000e+00,        +0.00000000000000000e+00,        +0.00000000000000000e+00,        +0.00000000000000000e+00,        +0.00000000000000000e+00,        +0.00000000000000000e+00,        +0.00000000000000000e+00,        +0.00000000000000000e+00,        +0.00000000000000000e+00,        +0.00000000000000000e+00,        +0.00000000000000000e+00,        +0.00000000000000000e+00,        +0.00000000000000000e+00,        +0.00000000000000000e+00,        +0.00000000000000000e+00,        +0.00000000000000000e+00,        -1.08351332120847683e+07,        +0.00000000000000000e+00,        +0.00000000000000000e+00,        +0.00000000000000000e+00,        +0.00000000000000000e+00,        +0.00000000000000000e+00
        +1.49298210846203619e-06,        +1.89969265795799643e+07,        -1.66187792074220538e+08,        +1.16119623201181293e+08,        -1.13530131146499634e+09,        -2.78058171639385298e+07,        +5.01075053157395542e+08,        -8.40117374948846221e+08,        +1.30386547517757630e+09,        +0.00000000000000000e+00,        +0.00000000000000000e+00,        +0.00000000000000000e+00,        +0.00000000000000000e+00,        +0.00000000000000000e+00,        +0.00000000000000000e+00,        +0.00000000000000000e+00,        +0.00000000000000000e+00,        +0.00000000000000000e+00,        +0.00000000000000000e+00,        +0.00000000000000000e+00,        +0.00000000000000000e+00,        +0.00000000000000000e+00,        +0.00000000000000000e+00,        +0.00000000000000000e+00,        +0.00000000000000000e+00,        +0.00000000000000000e+00,        +0.00000000000000000e+00,        +0.00000000000000000e+00,        +0.00000000000000000e+00,        +0.00000000000000000e+00,        +0.00000000000000000e+00,        +0.00000000000000000e+00,        +0.00000000000000000e+00,        +0.00000000000000000e+00,        +0.00000000000000000e+00,        +0.00000000000000000e+00,        +0.00000000000000000e+00,        +0.00000000000000000e+00,        +0.00000000000000000e+00,        +0.00000000000000000e+00,        +0.00000000000000000e+00,        +0.00000000000000000e+00,        +0.00000000000000000e+00,        +0.00000000000000000e+00,        +0.00000000000000000e+00,        +0.00000000000000000e+00,        -1.08351332120847683e+07,        +0.00000000000000000e+00,        +0.00000000000000000e+00,        +0.00000000000000000e+00,        +0.00000000000000000e+00
        +6.82058635201670107e-08,        +1.71272814366606921e+07,        -2.07252002470291734e+08,        +1.08172241372818723e+08,        +1.71476463285204232e+08,        +6.51222209532618672e+07,        +6.27158368822214752e+07,        -4.76927871413019225e+07,        +5.95661998523413092e+07,        +0.00000000000000000e+00,        +0.00000000000000000e+00,        +0.00000000000000000e+00,        +0.00000000000000000e+00,        +0.00000000000000000e+00,        +0.00000000000000000e+00,        +0.00000000000000000e+00,        +0.00000000000000000e+00,        +0.00000000000000000e+00,        +0.00000000000000000e+00,        +0.00000000000000000e+00,        +0.00000000000000000e+00,        +0.00000000000000000e+00,        +0.00000000000000000e+00,        +0.00000000000000000e+00,        +0.00000000000000000e+00,        +0.00000000000000000e+00,        +0.00000000000000000e+00,        +0.00000000000000000e+00,        +0.00000000000000000e+00,        +0.00000000000000000e+00,        +0.00000000000000000e+00,        +0.00000000000000000e+00,        +0.00000000000000000e+00,        +0.00000000000000000e+00,        +0.00000000000000000e+00,        +0.00000000000000000e+00,        +0.00000000000000000e+00,        +0.00000000000000000e+00,        +0.00000000000000000e+00,        +0.00000000000000000e+00,        +0.00000000000000000e+00,        +0.00000000000000000e+00,        +0.00000000000000000e+00,        +0.00000000000000000e+00,        +0.00000000000000000e+00,        +0.00000000000000000e+00,        +0.00000000000000000e+00,        -1.08351332120847683e+07,        +0.00000000000000000e+00,        +0.00000000000000000e+00,        +0.00000000000000000e+00
        +2.40473712941866022e-08,        -1.03629077145805210e+07,        +8.04453208284317404e+07,        -1.60043091826430559e+07,        +7.30989815161245316e+07,        -6.74784860592895746e+06,        +3.54000237752877548e+07,        -6.32115646411772370e+07,        +2.10012812756111622e+07,        +0.00000000000000000e+00,        +0.00000000000000000e+00,        +0.00000000000000000e+00,        +0.00000000000000000e+00,        +0.00000000000000000e+00,        +0.00000000000000000e+00,        +0.00000000000000000e+00,        +0.00000000000000000e+00,        +0.00000000000000000e+00,        +0.00000000000000000e+00,        +0.00000000000000000e+00,        +0.00000000000000000e+00,        +0.00000000000000000e+00,        +0.00000000000000000e+00,        +0.00000000000000000e+00,        +0.00000000000000000e+00,        +0.00000000000000000e+00,        +0.00000000000000000e+00,        +0.00000000000000000e+00,        +0.00000000000000000e+00,        +0.00000000000000000e+00,        +0.00000000000000000e+00,        +0.00000000000000000e+00,        +0.00000000000000000e+00,        +0.00000000000000000e+00,        +0.00000000000000000e+00,        +0.00000000000000000e+00,        +0.00000000000000000e+00,        +0.00000000000000000e+00,        +0.00000000000000000e+00,        +0.00000000000000000e+00,        +0.00000000000000000e+00,        +0.00000000000000000e+00,        +0.00000000000000000e+00,        +0.00000000000000000e+00,        +0.00000000000000000e+00,        +0.00000000000000000e+00,        +0.00000000000000000e+00,        +0.00000000000000000e+00,        -1.08351332120847683e+07,        +0.00000000000000000e+00,        +0.00000000000000000e+00
        -1.49639879973281937e-08,        -1.38741297925646394e+06,        +6.29571285666832887e+06,        +1.59249286211118866e+07,        -7.16968456993495021e+06,        +6.87926003136635944e+06,        +2.02449267967901006e+07,        +2.17791989357065735e+06,        -1.30684937281577643e+07,        +0.00000000000000000e+00,        +0.00000000000000000e+00,        +0.00000000000000000e+00,        +0.00000000000000000e+00,        +0.00000000000000000e+00,        +0.00000000000000000e+00,        +0.00000000000000000e+00,        +0.00000000000000000e+00,        +0.00000000000000000e+00,        +0.00000000000000000e+00,        +0.00000000000000000e+00,        +0.00000000000000000e+00,        +0.00000000000000000e+00,        +0.00000000000000000e+00,        +0.00000000000000000e+00,        +0.00000000000000000e+00,        +0.00000000000000000e+00,        +0.00000000000000000e+00,        +0.00000000000000000e+00,        +0.00000000000000000e+00,        +0.00000000000000000e+00,        +0.00000000000000000e+00,        +0.00000000000000000e+00,        +0.00000000000000000e+00,        +0.00000000000000000e+00,        +0.00000000000000000e+00,        +0.00000000000000000e+00,        +0.00000000000000000e+00,        +0.00000000000000000e+00,        +0.00000000000000000e+00,        +0.00000000000000000e+00,        +0.00000000000000000e+00,        +0.00000000000000000e+00,        +0.00000000000000000e+00,        +0.00000000000000000e+00,        +0.00000000000000000e+00,        +0.00000000000000000e+00,        +0.00000000000000000e+00,        +0.00000000000000000e+00,        +0.00000000000000000e+00,        -1.08351332120847683e+07,        +0.00000000000000000e+00
        +1.87072803708372281e-09,        -5.20085433266376611e+05,        +4.17839284217674425e+06,        +6.83752255717432592e+06,        -4.98076065660167835e+05,        +8.60669056961395405e+06,        -8.53804345318451710e+06,        -2.06179701428638073e+06,        +1.63376217784207151e+06,        +0.00000000000000000e+00,        +0.00000000000000000e+00,        +0.00000000000000000e+00,        +0.00000000000000000e+00,        +0.00000000000000000e+00,        +0.00000000000000000e+00,        +0.00000000000000000e+00,        +0.00000000000000000e+00,        +0.00000000000000000e+00,        +0.00000000000000000e+00,        +0.00000000000000000e+00,        +0.00000000000000000e+00,        +0.00000000000000000e+00,        +0.00000000000000000e+00,        +0.00000000000000000e+00,        +0.00000000000000000e+00,        +0.00000000000000000e+00,        +0.00000000000000000e+00,        +0.00000000000000000e+00,        +0.00000000000000000e+00,        +0.00000000000000000e+00,        +0.00000000000000000e+00,        +0.00000000000000000e+00,        +0.00000000000000000e+00,        +0.00000000000000000e+00,        +0.00000000000000000e+00,        +0.00000000000000000e+00,        +0.00000000000000000e+00,        +0.00000000000000000e+00,        +0.00000000000000000e+00,        +0.00000000000000000e+00,        +0.00000000000000000e+00,        +0.00000000000000000e+00,        +0.00000000000000000e+00,        +0.00000000000000000e+00,        +0.00000000000000000e+00,        +0.00000000000000000e+00,        +0.00000000000000000e+00,        +0.00000000000000000e+00,        +0.00000000000000000e+00,        +0.00000000000000000e+00,        -1.08351332120847683e+07
