        f (GHz),             |S[1][1]| (dB),        arg(S[1][1]) (deg.),             |S[2][1]| (dB),        arg(S[2][1]) (deg.),             |S[1][2]| (dB),        arg(S[1][2]) (deg.),             |S[2][2]| (dB),        arg(S[2][2]) (deg.)
 1.00000000e+01,        -2.368956841741e+01,        +7.657787644202e+01,        -1.109482116224e-01,        -5.888484410595e+00,        -1.109482116230e-01,        -5.888484410594e+00,        -2.368957669919e+01,        +7.657918740533e+01
 1.09500000e+01,        -2.294651960880e+01,        +7.626066291566e+01,        -1.189019511267e-01,        -6.426725355315e+00,        -1.189019511273e-01,        -6.426725355314e+00,        -2.294651849394e+01,        +7.626198815992e+01
 1.19000000e+01,        -2.226776184803e+01,        +7.591245931803e+01,        -1.270585864794e-01,        -6.962612799816e+00,        -1.270585864801e-01,        -6.962612799816e+00,        -2.226774318874e+01,        +7.591361214509e+01
 1.28500000e+01,        -2.164296258933e+01,        +7.554320653381e+01,        -1.353900015349e-01,        -7.496472722391e+00,        -1.353900015357e-01,        -7.496472722390e+00,        -2.164293001186e+01,        +7.554407621924e+01
 1.38000000e+01,        -2.106402157904e+01,        +7.515926131997e+01,        -1.438777649889e-01,        -8.028622682566e+00,        -1.438777649897e-01,        -8.028622682566e+00,        -2.106398359193e+01,        +7.515979709823e+01
 1.47500000e+01,        -2.052449022257e+01,        +7.476469242651e+01,        -1.525114002413e-01,        -8.559361272550e+00,        -1.525114002422e-01,        -8.559361272549e+00,        -2.052445644007e+01,        +7.476488699287e+01
 1.57000000e+01,        -2.001916565803e+01,        +7.436209570712e+01,        -1.612866807498e-01,        -9.088962299744e+00,        -1.612866807506e-01,        -9.088962299743e+00,        -2.001914487698e+01,        +7.436197102799e+01
 1.66500000e+01,        -1.954379988857e+01,        +7.395311649710e+01,        -1.702040974505e-01,        -9.617672368092e+00,        -1.702040974511e-01,        -9.617672368092e+00,        -1.954379924328e+01,        +7.395271266212e+01
 1.76000000e+01,        -1.909488702997e+01,        +7.353878836065e+01,        -1.792675592552e-01,        -1.014571075629e+01,        -1.792675592558e-01,        -1.014571075629e+01,        -1.909491175130e+01,        +7.353815533027e+01
 1.85500000e+01,        -1.866950498969e+01,        +7.311975410584e+01,        -1.884833370603e-01,        -1.067327074215e+01,        -1.884833370608e-01,        -1.067327074215e+01,        -1.866955848285e+01,        +7.311894588820e+01
 1.95000000e+01,        -1.826519591705e+01,        +7.269641018503e+01,        -1.978592343631e-01,        -1.120052174914e+01,        -1.978592343637e-01,        -1.120052174914e+01,        -1.826527998950e+01,        +7.269548091511e+01
 2.04500000e+01,        -1.787987478797e+01,        +7.226900076782e+01,        -2.074039549716e-01,        -1.172761188079e+01,        -2.074039549722e-01,        -1.172761188079e+01,        -1.787998993093e+01,        +7.226800220887e+01
 2.14000000e+01,        -1.751175872874e+01,        +7.183767858970e+01,        -2.171266345239e-01,        -1.225467055520e+01,        -2.171266345245e-01,        -1.225467055520e+01,        -1.751190440004e+01,        +7.183665865972e+01
 2.23500000e+01,        -1.715931183299e+01,        +7.140254383863e+01,        -2.270365036975e-01,        -1.278181105976e+01,        -2.270365036983e-01,        -1.278181105976e+01,        -1.715948671490e+01,        +7.140154585328e+01
 2.33000000e+01,        -1.682120168775e+01,        +7.096366855397e+01,        -2.371426545182e-01,        -1.330913292285e+01,        -2.371426545188e-01,        -1.330913292285e+01,        -1.682140390892e+01,        +7.096273095265e+01
 2.42500000e+01,        -1.649626483878e+01,        +7.052111151768e+01,        -2.474538855951e-01,        -1.383672405116e+01,        -2.474538855957e-01,        -1.383672405116e+01,        -1.649649215780e+01,        +7.052026790391e+01
 2.52000000e+01,        -1.618347914264e+01,        +7.007492696246e+01,        -2.579786065568e-01,        -1.436466261515e+01,        -2.579786065576e-01,        -1.436466261515e+01,        -1.618372909540e+01,        +7.007420633720e+01
 2.61500000e+01,        -1.588194146863e+01,        +6.962516931155e+01,        -2.687247859874e-01,        -1.489301868610e+01,        -2.687247859879e-01,        -1.489301868610e+01,        -1.588221148339e+01,        +6.962459641609e+01
 2.71000000e+01,        -1.559084958788e+01,        +6.917189542306e+01,        -2.796999306420e-01,        -1.542185563995e+01,        -2.796999306427e-01,        -1.542185563995e+01,        -1.559113707304e+01,        +6.917149113431e+01
 2.80500000e+01,        -1.530948736359e+01,        +6.871516531009e+01,        -2.909110865792e-01,        -1.595123134983e+01,        -2.909110865800e-01,        -1.595123134983e+01,        -1.530978977276e+01,        +6.871494705096e+01
 2.90000000e+01,        -1.503721256147e+01,        +6.825504197232e+01,        -3.023648551380e-01,        -1.648119919097e+01,        -3.023648551385e-01,        -1.648119919097e+01,        -1.503752744028e+01,        +6.825502411373e+01
 2.99500000e+01,        -1.477344675325e+01,        +6.779159075007e+01,        -3.140674185116e-01,        -1.701180888217e+01,        -3.140674185123e-01,        -1.701180888217e+01,        -1.477377177166e+01,        +6.779178499007e+01
 3.09000000e+01,        -1.451766690306e+01,        +6.732487845978e+01,        -3.260245710601e-01,        -1.754310718650e+01,        -3.260245710608e-01,        -1.754310718650e+01,        -1.451799987630e+01,        +6.732529417258e+01
 3.18500000e+01,        -1.426939831447e+01,        +6.685497247175e+01,        -3.382417535871e-01,        -1.807513849172e+01,        -3.382417535881e-01,        -1.807513849172e+01,        -1.426973721530e+01,        +6.685561702306e+01
 3.28000000e+01,        -1.402820868490e+01,        +6.638193982340e+01,        -3.507240886039e-01,        -1.860794528934e+01,        -3.507240886050e-01,        -1.860794528934e+01,        -1.402855164929e+01,        +6.638281885173e+01
 3.37500000e+01,        -1.379370306563e+01,        +6.590584642035e+01,        -3.634764152284e-01,        -1.914156856792e+01,        -3.634764152289e-01,        -1.914156856792e+01,        -1.379404839353e+01,        +6.590696408510e+01
 3.47000000e+01,        -1.356551956715e+01,        +6.542675634856e+01,        -3.765033227980e-01,        -1.967604813489e+01,        -3.765033227985e-01,        -1.967604813489e+01,        -1.356586571971e+01,        +6.542811554771e+01
 3.56500000e+01,        -1.334332568089e+01,        +6.494473130546e+01,        -3.898091826220e-01,        -2.021142287882e+01,        -3.898091826227e-01,        -2.021142287882e+01,        -1.334367127518e+01,        +6.494633386482e+01
 3.66000000e+01,        -1.312681511345e+01,        +6.445983014644e+01,        -4.033981775242e-01,        -2.074773098195e+01,        -4.033981775252e-01,        -2.074773098195e+01,        -1.312715891541e+01,        +6.446167698399e+01
 3.75500000e+01,        -1.291570504922e+01,        +6.397210853864e+01,        -4.172743290089e-01,        -2.128501009197e+01,        -4.172743290093e-01,        -2.128501009197e+01,        -1.291604596562e+01,        +6.397419980626e+01
 3.85000000e+01,        -1.270973377282e+01,        +6.348161870989e+01,        -4.314415219908e-01,        -2.182329745989e+01,        -4.314415219917e-01,        -2.182329745988e+01,        -1.271007084245e+01,        +6.348395391545e+01
 3.94500000e+01,        -1.250865859501e+01,        +6.298840928073e+01,        -4.459035271315e-01,        -2.236263005016e+01,        -4.459035271325e-01,        -2.236263005016e+01,        -1.250899097973e+01,        +6.299098739305e+01
 4.04000000e+01,        -1.231225403625e+01,        +6.249252516692e+01,        -4.606640208525e-01,        -2.290304462812e+01,        -4.606640208532e-01,        -2.290304462812e+01,        -1.231258101185e+01,        +6.249534470569e+01
 4.13500000e+01,        -1.212031022931e+01,        +6.199400754045e+01,        -4.757266031531e-01,        -2.344457782886e+01,        -4.757266031540e-01,        -2.344457782886e+01,        -1.212063117664e+01,        +6.199706665356e+01
 4.23000000e+01,        -1.193263150957e+01,        +6.149289383922e+01,        -4.910948133753e-01,        -2.398726621101e+01,        -4.910948133760e-01,        -2.398726621101e+01,        -1.193294590589e+01,        +6.149619036855e+01
 4.32500000e+01,        -1.174903516632e+01,        +6.098921781487e+01,        -5.067721440541e-01,        -2.453114629834e+01,        -5.067721440548e-01,        -2.453114629834e+01,        -1.174934257700e+01,        +6.099274935291e+01
 4.42000000e+01,        -1.156935033311e+01,        +6.048300961144e+01,        -5.227620530147e-01,        -2.507625461159e+01,        -5.227620530159e-01,        -2.507625461159e+01,        -1.156965040380e+01,        +6.048677354944e+01
 4.51500000e+01,        -1.139341699836e+01,        +5.997429586714e+01,        -5.390679738588e-01,        -2.562262769246e+01,        -5.390679738595e-01,        -2.562262769246e+01,        -1.139370944753e+01,        +5.997828943651e+01
 4.61000000e+01,        -1.122108512057e+01,        +5.946309983399e+01,        -5.556933249848e-01,        -2.617030212136e+01,        -5.556933249856e-01,        -2.617030212136e+01,        -1.122136973259e+01,        +5.946732014128e+01
 4.70500000e+01,        -1.105221383476e+01,        +5.894944150931e+01,        -5.726415172762e-01,        -2.671931453038e+01,        -5.726415172769e-01,        -2.671931453038e+01,        -1.105249045340e+01,        +5.895388556649e+01
 4.80000000e+01,        -1.088667073875e+01,        +5.843333777605e+01,        -5.899159605830e-01,        -2.726970161235e+01,        -5.899159605838e-01,        -2.726970161235e+01,        -1.088693926114e+01,        +5.843800252603e+01
 4.89500000e+01,        -1.072433124964e+01,        +5.791480254757e+01,        -6.075200691086e-01,        -2.782150012718e+01,        -6.075200691092e-01,        -2.782150012718e+01,        -1.072459162068e+01,        +5.791968488614e+01
 4.99000000e+01,        -1.056507802202e+01,        +5.739384691495e+01,        -6.254572658117e-01,        -2.837474690589e+01,        -6.254572658130e-01,        -2.837474690589e+01,        -1.056533022921e+01,        +5.739894370924e+01
 5.08500000e+01,        -1.040880042083e+01,        +5.687047929380e+01,        -6.437309859158e-01,        -2.892947885321e+01,        -6.437309859165e-01,        -2.892947885321e+01,        -1.040904448952e+01,        +5.687578739830e+01
 5.18000000e+01,        -1.025539404273e+01,        +5.634470556960e+01,        -6.623446796038e-01,        -2.948573294911e+01,        -6.623446796047e-01,        -2.948573294911e+01,        -1.025563003173e+01,        +5.635022183945e+01
 5.27500000e+01,        -1.010476028038e+01,        +5.581652923973e+01,        -6.813018139936e-01,        -3.004354624950e+01,        -6.813018139943e-01,        -3.004354624950e+01,        -1.010498827793e+01,        +5.582225054214e+01
 5.37000000e+01,        -9.956805925243e+00,        +5.528595155128e+01,        -7.006058744377e-01,        -3.060295588675e+01,        -7.006058744385e-01,        -3.060295588675e+01,        -9.957026045362e+00,        +5.529187477510e+01
 5.46500000e+01,        -9.811442804605e+00,        +5.475297163396e+01,        -7.202603652258e-01,        -3.116399906994e+01,        -7.202603652263e-01,        -3.116399906994e+01,        -9.811655183684e+00,        +5.475909369777e+01
 5.56000000e+01,        -9.668587449379e+00,        +5.421758662745e+01,        -7.402688097280e-01,        -3.172671308534e+01,        -7.402688097288e-01,        -3.172671308534e+01,        -9.668792243129e+00,        +5.422390448629e+01
 5.65500000e+01,        -9.528160789481e+00,        +5.367979180301e+01,        -7.606347500391e-01,        -3.229113529693e+01,        -7.606347500400e-01,        -3.229113529693e+01,        -9.528358170124e+00,        +5.368630245398e+01
 5.75000000e+01,        -9.390087874091e+00,        +5.313958067889e+01,        -7.813617461463e-01,        -3.285730314749e+01,        -7.813617461471e-01,        -3.285730314749e+01,        -9.390278027808e+00,        +5.314628116576e+01
 5.84500000e+01,        -9.254297614322e+00,        +5.259694512962e+01,        -8.024533746647e-01,        -3.342525416001e+01,        -8.024533746654e-01,        -3.342525416001e+01,        -9.254480738940e+00,        +5.260383254661e+01
 5.94000000e+01,        -9.120722546153e+00,        +5.205187548923e+01,        -8.239132271670e-01,        -3.399502593969e+01,        -8.239132271682e-01,        -3.399502593969e+01,        -9.120898849038e+00,        +5.205894698393e+01
 6.03500000e+01,        -8.989298611733e+00,        +5.150436064815e+01,        -8.457449081278e-01,        -3.456665617656e+01,        -8.457449081287e-01,        -3.456665617656e+01,        -8.989468307896e+00,        +5.151161342396e+01
 6.13000000e+01,        -8.859964957347e+00,        +5.095438814433e+01,        -8.679520325020e-01,        -3.514018264869e+01,        -8.679520325030e-01,        -3.514018264869e+01,        -8.860128267721e+00,        +5.096181946222e+01
 6.22500000e+01,        -8.732663746537e+00,        +5.040194424844e+01,        -8.905382229557e-01,        -3.571564322613e+01,        -8.905382229566e-01,        -3.571564322613e+01,        -8.732820896431e+00,        +5.040955142822e+01
 6.32000000e+01,        -8.607339987013e+00,        +4.984701404342e+01,        -9.135071067569e-01,        -3.629307587559e+01,        -9.135071067583e-01,        -3.629307587559e+01,        -8.607491204724e+00,        +4.985479446466e+01
 6.41500000e+01,        -8.483941370177e+00,        +4.928958149871e+01,        -9.368623123391e-01,        -3.687251866577e+01,        -9.368623123401e-01,        -3.687251866577e+01,        -8.484086885736e+00,        +4.929753260120e+01
 6.51000000e+01,        -8.362418122131e+00,        +4.872962953913e+01,        -9.606074655353e-01,        -3.745400977359e+01,        -9.606074655362e-01,        -3.745400977359e+01,        -8.362558166194e+00,        +4.873774882309e+01
 6.60500000e+01,        -8.242722865237e+00,        +4.816714010896e+01,        -9.847461854960e-01,        -3.803758749108e+01,        -9.847461854970e-01,        -3.803758749108e+01,        -8.242857668083e+00,        +4.817542513487e+01
 6.70000000e+01,        -8.124810489309e+00,        +4.760209423114e+01,        -1.009282080283e+00,        -3.862329023322e+01,        -1.009282080283e+00,        -3.862329023322e+01,        -8.124940279964e+00,        +4.761054261946e+01
 6.79500000e+01,        -8.008638031685e+00,        +4.703447206211e+01,        -1.034218742136e+00,        -3.921115654649e+01,        -1.034218742137e+00,        -3.921115654649e+01,        -8.008763037133e+00,        +4.704308149262e+01
 6.89000000e+01,        -7.894164565421e+00,        +4.646425294218e+01,        -1.059559742425e+00,        -3.980122511834e+01,        -1.059559742426e+00,        -3.980122511834e+01,        -7.894285009921e+00,        +4.647302115334e+01
 6.98500000e+01,        -7.781351095001e+00,        +4.589141544207e+01,        -1.085308626248e+00,        -4.039353478758e+01,        -1.085308626249e+00,        -4.039353478758e+01,        -7.781467199481e+00,        +4.590034023000e+01
 7.08000000e+01,        -7.670160458941e+00,        +4.531593740540e+01,        -1.111468906707e+00,        -4.098812455567e+01,        -1.111468906708e+00,        -4.098812455567e+01,        -7.670272440474e+00,        +4.532501662284e+01
 7.17500000e+01,        -7.560557238763e+00,        +4.473779598755e+01,        -1.138044058825e+00,        -4.158503359888e+01,        -1.138044058826e+00,        -4.158503359888e+01,        -7.560665310111e+00,        +4.474702754277e+01
 7.27000000e+01,        -7.452507673863e+00,        +4.415696769119e+01,        -1.165037513100e+00,        -4.218430128159e+01,        -1.165037513101e+00,        -4.218430128159e+01,        -7.452612043088e+00,        +4.416634954662e+01
 7.36500000e+01,        -7.345979581813e+00,        +4.357342839829e+01,        -1.192452648689e+00,        -4.278596717050e+01,        -1.192452648690e+00,        -4.278596717050e+01,        -7.346080451952e+00,        +4.358295856921e+01
 7.46000000e+01,        -7.240942283717e+00,        +4.298715339915e+01,        -1.220292786203e+00,        -4.339007104997e+01,        -1.220292786204e+00,        -4.339007104997e+01,        -7.241039852497e+00,        +4.299682995223e+01
 7.55500000e+01,        -7.137366534223e+00,        +4.239811741830e+01,        -1.248561180098e+00,        -4.399665293848e+01,        -1.248561180099e+00,        -4.399665293848e+01,        -7.137460993841e+00,        +4.240793847014e+01
 7.65000000e+01,        -7.035224455878e+00,        +4.180629463767e+01,        -1.277261010651e+00,        -4.460575310625e+01,        -1.277261010653e+00,        -4.460575310625e+01,        -7.035315992813e+00,        +4.181625835324e+01
 7.74500000e+01,        -6.934489477512e+00,        +4.121165871686e+01,        -1.306395375493e+00,        -4.521741209414e+01,        -1.306395375494e+00,        -4.521741209414e+01,        -6.934578272384e+00,        +4.122176330792e+01
 7.84000000e+01,        -6.835136276360e+00,        +4.061418281090e+01,        -1.335967280692e+00,        -4.583167073384e+01,        -1.335967280693e+00,        -4.583167073384e+01,        -6.835222503822e+00,        +4.062442653438e+01
 7.93500000e+01,        -6.737140723681e+00,        +4.001383958536e+01,        -1.365979631355e+00,        -4.644857016941e+01,        -1.365979631356e+00,        -4.644857016941e+01,        -6.737224552345e+00,        +4.002422074171e+01
 8.03000000e+01,        -6.640479833617e+00,        +3.941060122903e+01,        -1.396435221740e+00,        -4.706815188031e+01,        -1.396435221742e+00,        -4.706815188031e+01,        -6.640561426009e+00,        +3.942111816060e+01
 8.12500000e+01,        -6.545131715088e+00,        +3.880443946423e+01,        -1.427336724845e+00,        -4.769045770595e+01,        -1.427336724847e+00,        -4.769045770595e+01,        -6.545211227630e+00,        +3.881509055358e+01
 8.22000000e+01,        -6.451075526527e+00,        +3.819532555477e+01,        -1.458686681450e+00,        -4.831552987187e+01,        -1.458686681451e+00,        -4.831552987187e+01,        -6.451153109540e+00,        +3.820610922298e+01
 8.31500000e+01,        -6.358291433250e+00,        +3.758323031156e+01,        -1.490487488598e+00,        -4.894341101761e+01,        -1.490487488600e+00,        -4.894341101761e+01,        -6.358367230985e+00,        +3.759414501656e+01
 8.41000000e+01,        -6.266760567330e+00,        +3.696812409604e+01,        -1.522741387482e+00,        -4.957414422644e+01,        -1.522741387483e+00,        -4.957414422644e+01,        -6.266834718007e+00,        +3.697916833097e+01
 8.50500000e+01,        -6.176464989770e+00,        +3.634997682136e+01,        -1.555450450707e+00,        -5.020777305696e+01,        -1.555450450708e+00,        -5.020777305696e+01,        -6.176537625645e+00,        +3.636114911285e+01
 8.60000000e+01,        -6.087387654894e+00,        +3.572875795130e+01,        -1.588616568905e+00,        -5.084434157681e+01,        -1.588616568907e+00,        -5.084434157680e+01,        -6.087458902331e+00,        +3.574005685784e+01
 8.69500000e+01,        -5.999512376762e+00,        +3.510443649708e+01,        -1.622241436677e+00,        -5.148389439839e+01,        -1.622241436678e+00,        -5.148389439839e+01,        -5.999582356328e+00,        +3.511586060734e+01
 8.79000000e+01,        -5.912823797550e+00,        +3.447698101181e+01,        -1.656326537815e+00,        -5.212647671710e+01,        -1.656326537816e+00,        -5.212647671709e+01,        -5.912892624111e+00,        +3.448852894306e+01
 8.88500000e+01,        -5.827307357737e+00,        +3.384635958289e+01,        -1.690873129793e+00,        -5.277213435170e+01,        -1.690873129795e+00,        -5.277213435170e+01,        -5.827375140573e+00,        +3.385802997929e+01
 8.98000000e+01,        -5.742949268029e+00,        +3.321253982197e+01,        -1.725882227480e+00,        -5.342091378751e+01,        -1.725882227481e+00,        -5.342091378751e+01,        -5.743016110949e+00,        +3.322433135305e+01
 9.07500000e+01,        -5.659736482915e+00,        +3.257548885282e+01,        -1.761354586038e+00,        -5.407286222210e+01,        -1.761354586040e+00,        -5.407286222210e+01,        -5.659802484389e+00,        +3.258740021184e+01
 9.17000000e+01,        -5.577656675783e+00,        +3.193517329674e+01,        -1.797290682990e+00,        -5.472802761393e+01,        -1.797290682992e+00,        -5.472802761393e+01,        -5.577721929071e+00,        +3.194720319911e+01
 9.26500000e+01,        -5.496698215506e+00,        +3.129155925558e+01,        -1.833690699388e+00,        -5.538645873408e+01,        -1.833690699389e+00,        -5.538645873408e+01,        -5.496762808798e+00,        +3.130370643735e+01
 9.36000000e+01,        -5.416850144444e+00,        +3.064461229249e+01,        -1.870554500072e+00,        -5.604820522106e+01,        -1.870554500073e+00,        -5.604820522106e+01,        -5.416914161003e+00,        +3.065687550877e+01
 9.45500000e+01,        -5.338102157788e+00,        +2.999429740999e+01,        -1.907881612966e+00,        -5.671331763905e+01,        -1.907881612967e+00,        -5.671331763905e+01,        -5.338165676095e+00,        +3.000667543348e+01
 9.55000000e+01,        -5.260444584207e+00,        +2.934057902557e+01,        -1.945671207371e+00,        -5.738184753977e+01,        -1.945671207372e+00,        -5.738184753977e+01,        -5.260507678110e+00,        +2.935307064507e+01
 9.64500000e+01,        -5.183868367727e+00,        +2.868342094464e+01,        -1.983922071212e+00,        -5.805384752806e+01,        -1.983922071214e+00,        -5.805384752806e+01,        -5.183931106592e+00,        +2.869602496352e+01
 9.74000000e+01,        -5.108365050827e+00,        +2.802278633063e+01,        -2.022632587202e+00,        -5.872937133147e+01,        -2.022632587204e+00,        -5.872937133147e+01,        -5.108427499692e+00,        +2.803550156544e+01
 9.83500000e+01,        -5.033926758687e+00,        +2.735863767239e+01,        -2.061800707866e+00,        -5.940847387407e+01,        -2.061800707868e+00,        -5.940847387407e+01,        -5.033988978413e+00,        +2.737146295141e+01
 9.93000000e+01,        -4.960546184581e+00,        +2.669093674850e+01,        -2.101423929386e+00,        -6.009121135469e+01,        -2.101423929388e+00,        -6.009121135468e+01,        -4.960608232005e+00,        +2.670387091031e+01
 1.00250000e+02,        -4.888216576366e+00,        +2.601964458861e+01,        -2.141499264223e+00,        -6.077764132981e+01,        -2.141499264224e+00,        -6.077764132981e+01,        -4.888278504459e+00,        +2.603268648069e+01
 1.01200000e+02,        -4.816931724069e+00,        +2.534472143148e+01,        -2.182023212453e+00,        -6.146782280150e+01,        -2.182023212454e+00,        -6.146782280150e+01,        -4.816993582085e+00,        +2.535786990889e+01
 1.02150000e+02,        -4.746685948537e+00,        +2.466612667983e+01,        -2.222991731785e+00,        -6.216181631040e+01,        -2.222991731787e+00,        -6.216181631040e+01,        -4.746747782168e+00,        +2.467938060377e+01
 1.03100000e+02,        -4.677474091151e+00,        +2.398381885159e+01,        -2.264400206192e+00,        -6.285968403428e+01,        -2.264400206194e+00,        -6.285968403428e+01,        -4.677535942677e+00,        +2.399717708809e+01
 1.04050000e+02,        -4.609291504601e+00,        +2.329775552756e+01,        -2.306243413113e+00,        -6.356148989237e+01,        -2.306243413114e+00,        -6.356148989236e+01,        -4.609353413041e+00,        +2.331121694618e+01
 1.05000000e+02,        -4.542134044706e+00,        +2.260789329538e+01,        -2.348515489173e+00,        -6.426729965569e+01,        -2.348515489174e+00,        -6.426729965568e+01,        -4.542196045965e+00,        +2.262145676782e+01
 1.05950000e+02,        -4.475998063298e+00,        +2.191418768941e+01,        -2.391209894363e+00,        -6.497718106380e+01,        -2.391209894365e+00,        -6.497718106380e+01,        -4.476060190318e+00,        +2.192785208826e+01
 1.06900000e+02,        -4.410880402189e+00,        +2.121659312660e+01,        -2.434319374628e+00,        -6.569120394831e+01,        -2.434319374629e+00,        -6.569120394831e+01,        -4.410942685091e+00,        +2.123035732401e+01
 1.07850000e+02,        -4.346778388210e+00,        +2.051506283799e+01,        -2.477835922805e+00,        -6.640944036326e+01,        -2.477835922806e+00,        -6.640944036326e+01,        -4.346840854436e+00,        +2.052892570442e+01
 1.08800000e+02,        -4.283689829365e+00,        +1.980954879577e+01,        -2.521750737863e+00,        -6.713196472309e+01,        -2.521750737865e+00,        -6.713196472309e+01,        -4.283752503822e+00,        +1.982350919866e+01
 1.09750000e+02,        -4.221613012127e+00,        +1.910000163554e+01,        -2.566054182390e+00,        -6.785885394828e+01,        -2.566054182392e+00,        -6.785885394827e+01,        -4.221675917321e+00,        +1.911405843805e+01
 1.10700000e+02,        -4.160546699891e+00,        +1.838637057371e+01,        -2.610735738258e+00,        -6.859018761908e+01,        -2.610735738260e+00,        -6.859018761908e+01,        -4.160609856068e+00,        +1.840052263346e+01
 1.11650000e+02,        -4.100490132654e+00,        +1.766860331978e+01,        -2.655783960440e+00,        -6.932604813794e+01,        -2.655783960443e+00,        -6.932604813793e+01,        -4.100553557930e+00,        +1.768284948756e+01
 1.12600000e+02,        -4.041443027934e+00,        +1.694664598319e+01,        -2.701186428909e+00,        -7.006652090062e+01,        -2.701186428910e+00,        -7.006652090062e+01,        -4.041506738428e+00,        +1.696098510168e+01
 1.13550000e+02,        -3.983405583011e+00,        +1.622044297452e+01,        -2.746929698566e+00,        -7.081169447696e+01,        -2.746929698567e+00,        -7.081169447696e+01,        -3.983469592973e+00,        +1.623487387703e+01
 1.14500000e+02,        -3.926378478532e+00,        +1.548993690095e+01,        -2.792999247177e+00,        -7.156166080118e+01,        -2.792999247179e+00,        -7.156166080118e+01,        -3.926442800467e+00,        +1.550445841011e+01
 1.15450000e+02,        -3.870362883555e+00,        +1.475506845546e+01,        -2.839379421246e+00,        -7.231651537257e+01,        -2.839379421249e+00,        -7.231651537257e+01,        -3.870427528349e+00,        +1.476967938193e+01
 1.16400000e+02,        -3.815360462110e+00,        +1.401577629964e+01,        -2.886053379806e+00,        -7.307635746683e+01,        -2.886053379808e+00,        -7.307635746682e+01,        -3.815425439150e+00,        +1.403047544084e+01
 1.17350000e+02,        -3.761373381364e+00,        +1.327199693988e+01,        -2.933003036078e+00,        -7.384129035854e+01,        -2.933003036080e+00,        -7.384129035854e+01,        -3.761438698655e+00,        +1.328678307860e+01
 1.18300000e+02,        -3.708404321476e+00,        +1.252366459649e+01,        -2.980208997000e+00,        -7.461142155539e+01,        -2.980208997001e+00,        -7.461142155539e+01,        -3.708469985757e+00,        +1.253853649960e+01
 1.19250000e+02,        -3.656456487261e+00,        +1.177071106556e+01,        -3.027650500562e+00,        -7.538686304439e+01,        -3.027650500564e+00,        -7.538686304439e+01,        -3.656522504119e+00,        +1.178566748264e+01
 1.20200000e+02,        -3.605533621769e+00,        +1.101306557330e+01,        -3.075305350994e+00,        -7.616773155084e+01,        -3.075305350996e+00,        -7.616773155084e+01,        -3.605599995749e+00,        +1.102810523523e+01
 1.21150000e+02,        -3.555640021917e+00,        +1.025065462228e+01,        -3.123149851741e+00,        -7.695414881040e+01,        -3.123149851744e+00,        -7.695414881039e+01,        -3.555706756628e+00,        +1.026577623986e+01
 1.22100000e+02,        -3.506780556303e+00,        +9.483401829668e+00,        -3.171158736303e+00,        -7.774624185480e+01,        -3.171158736305e+00,        -7.774624185480e+01,        -3.506847654528e+00,        +9.498604092148e+00
 1.23050000e+02,        -3.458960685376e+00,        +8.711227756654e+00,        -3.219305096910e+00,        -7.854414331181e+01,        -3.219305096913e+00,        -7.854414331181e+01,        -3.459028149171e+00,        +8.726509330239e+00
 1.24000000e+02,        -3.412186484114e+00,        +7.934049729074e+00,        -3.267560311115e+00,        -7.934799171980e+01,        -3.267560311117e+00,        -7.934799171980e+01,        -3.412254314911e+00,        +7.949409255434e+00
 1.24950000e+02,        -3.366464667412e+00,        +7.151781648749e+00,        -3.315893966341e+00,        -8.015793185759e+01,        -3.315893966343e+00,        -8.015793185759e+01,        -3.366532866117e+00,        +7.167217743425e+00
 1.25900000e+02,        -3.321802618375e+00,        +6.364333795192e+00,        -3.364273782475e+00,        -8.097411508999e+01,        -3.364273782477e+00,        -8.097411508999e+01,        -3.321871185468e+00,        +6.379845045960e+00
 1.26850000e+02,        -3.278208419757e+00,        +5.571612617305e+00,        -3.412665532611e+00,        -8.179669972965e+01,        -3.412665532614e+00,        -8.179669972965e+01,        -3.278277355382e+00,        +5.587197582525e+00
 1.27800000e+02,        -3.235690888775e+00,        +4.773520514799e+00,        -3.461032962076e+00,        -8.262585141555e+01,        -3.461032962079e+00,        -8.262585141555e+01,        -3.235760192837e+00,        +4.789177721646e+00
 1.28750000e+02,        -3.194259615578e+00,        +3.969955608918e+00,        -3.509337705899e+00,        -8.346174350875e+01,        -3.509337705903e+00,        -8.346174350875e+01,        -3.194329287831e+00,        +3.985683551580e+00
 1.29700000e+02,        -3.153925005670e+00,        +3.160811502168e+00,        -3.557539204935e+00,        -8.430455750584e+01,        -3.557539204938e+00,        -8.430455750584e+01,        -3.153995045810e+00,        +3.176608639976e+00
 1.30650000e+02,        -3.114698326611e+00,        +2.345977026708e+00,        -3.605594620856e+00,        -8.515448347046e+01,        -3.605594620859e+00,        -8.515448347046e+01,        -3.114768734364e+00,        +2.361841782138e+00
 1.31600000e+02,        -3.076591759351e+00,        +1.525335981084e+00,        -3.653458750317e+00,        -8.601172048333e+01,        -3.653458750320e+00,        -8.601172048333e+01,        -3.076662534557e+00,        +1.541266737713e+00
 1.32550000e+02,        -3.039618454575e+00,        +6.987668551057e-01,        -3.701083938618e+00,        -8.687647711112e+01,        -3.701083938621e+00,        -8.687647711112e+01,        -3.039689597278e+00,        +7.147619554449e-01
 1.33500000e+02,        -3.003792594520e+00,        -1.338574575291e-01,        -3.748419993228e+00,        -8.774897189454e+01,        -3.748419993231e+00,        -8.774897189454e+01,        -3.003864105050e+00,        -1.177997142926e-01
 1.34450000e+02,        -2.969129460691e+00,        -9.726699589109e-01,        -3.795414097648e+00,        -8.862943385584e+01,        -3.795414097651e+00,        -8.862943385584e+01,        -2.969201339754e+00,        -9.565513193079e-01
 1.35400000e+02,        -2.935645508029e+00,        -1.817809859111e+00,        -3.842010726102e+00,        -8.951810302584e+01,        -3.842010726105e+00,        -8.951810302584e+01,        -2.935717756788e+00,        -1.801632117906e+00
 1.36350000e+02,        -2.903358446063e+00,        -2.669422901022e+00,        -3.888151559647e+00,        -9.041523099074e+01,        -3.888151559649e+00,        -9.041523099074e+01,        -2.903431066222e+00,        -2.653187903850e+00
 1.37300000e+02,        -2.872287327687e+00,        -3.527661697757e+00,        -3.933775404369e+00,        -9.132108145864e+01,        -3.933775404373e+00,        -9.132108145864e+01,        -2.872360321582e+00,        -3.511371343938e+00
 1.38250000e+02,        -2.842452646238e+00,        -4.392686082558e+00,        -3.978818112433e+00,        -9.223593084571e+01,        -3.978818112436e+00,        -9.223593084571e+01,        -2.842526016917e+00,        -4.376342328072e+00
 1.39200000e+02,        -2.813876441601e+00,        -5.264663470947e+00,        -4.023212506820e+00,        -9.316006888165e+01,        -4.023212506824e+00,        -9.316006888165e+01,        -2.813950192916e+00,        -5.248268331567e+00
 1.40150000e+02,        -2.786582416196e+00,        -6.143769234783e+00,        -4.066888310738e+00,        -9.409379923440e+01,        -4.066888310741e+00,        -9.409379923440e+01,        -2.786656552892e+00,        -6.127324789435e+00
 1.41100000e+02,        -2.760596061712e+00,        -7.030187087639e+00,        -4.109772082765e+00,        -9.503744015331e+01,        -4.109772082768e+00,        -9.503744015331e+01,        -2.760670589518e+00,        -7.013695481934e+00
 1.42050000e+02,        -2.735944797597e+00,        -7.924109480684e+00,        -4.151787158949e+00,        -9.599132513022e+01,        -4.151787158952e+00,        -9.599132513022e+01,        -2.736019723323e+00,        -7.907572930727e+00
 1.43000000e+02,        -2.712658122390e+00,        -8.825738008113e+00,        -4.192853603190e+00,        -9.695580357762e+01,        -4.192853603194e+00,        -9.695580357762e+01,        -2.712733454027e+00,        -8.809158804521e+00
 1.43950000e+02,        -2.690767779079e+00,        -9.735283820661e+00,        -4.232888167417e+00,        -9.793124152266e+01,        -4.232888167420e+00,        -9.793124152266e+01,        -2.690843525900e+00,        -9.718664332879e+00
 1.44900000e+02,        -2.670307935808e+00,        -1.065296804556e+01,        -4.271804263180e+00,        -9.891802231591e+01,        -4.271804263184e+00,        -9.891802231591e+01,        -2.670384108484e+00,        -1.063631072647e+01
 1.45850000e+02,        -2.651315383384e+00,        -1.157902221076e+01,        -4.309511946511e+00,        -9.991654735301e+01,        -4.309511946514e+00,        -9.991654735301e+01,        -2.651391994096e+00,        -1.156232960158e+01
 1.46800000e+02,        -2.633829751151e+00,        -1.251368867062e+01,        -4.345917918021e+00,        -1.009272368074e+02,        -4.345917918025e+00,        -1.009272368074e+02,        -2.633906813718e+00,        -1.249696340624e+01
 1.47750000e+02,        -2.617893743013e+00,        -1.345722102994e+01,        -4.380925540445e+00,        -1.019505303721e+02,        -4.380925540449e+00,        -1.019505303721e+02,        -2.617971273027e+00,        -1.344046584454e+01
 1.48700000e+02,        -2.603553395494e+00,        -1.440988456216e+01,        -4.414434876013e+00,        -1.029868880071e+02,        -4.414434876017e+00,        -1.029868880071e+02,        -2.603631410467e+00,        -1.439310229530e+01
 1.49650000e+02,        -2.590858359977e+00,        -1.537195661680e+01,        -4.446342746254e+00,        -1.040367906908e+02,        -4.446342746259e+00,        -1.040367906908e+02,        -2.590936879501e+00,        -1.535515021998e+01
 1.50600000e+02,        -2.579862211435e+00,        -1.634372701041e+01,        -4.476542817046e+00,        -1.051007411699e+02,        -4.476542817050e+00,        -1.051007411699e+02,        -2.579941257358e+00,        -1.632689955413e+01
 1.51550000e+02,        -2.570622786212e+00,        -1.732549839372e+01,        -4.504925711954e+00,        -1.061792647053e+02,        -4.504925711959e+00,        -1.061792647053e+02,        -2.570702382831e+00,        -1.730865307501e+01
 1.52500000e+02,        -2.563202551667e+00,        -1.831758658658e+01,        -4.531379157129e+00,        -1.072729098084e+02,        -4.531379157134e+00,        -1.072729098084e+02,        -2.563282725946e+00,        -1.830072673723e+01
 1.53450000e+02,        -2.557669010769e+00,        -1.932032087049e+01,        -4.555788161266e+00,        -1.083822489629e+02,        -4.555788161270e+00,        -1.083822489629e+02,        -2.557749792577e+00,        -1.930344996591e+01
 1.54400000e+02,        -2.554095145018e+00,        -2.033404422678e+01,        -4.578035234352e+00,        -1.095078793243e+02,        -4.578035234356e+00,        -1.095078793243e+02,        -2.554176567395e+00,        -2.031716589555e+01
 1.55350000e+02,        -2.552559899432e+00,        -2.135911350582e+01,        -4.598000649153e+00,        -1.106504233925e+02,        -4.598000649158e+00,        -1.106504233925e+02,        -2.552641998896e+00,        -2.134223154007e+01
 1.56300000e+02,        -2.553148713653e+00,        -2.239589951060e+01,        -4.615562749619e+00,        -1.118105296463e+02,        -4.615562749623e+00,        -1.118105296463e+02,        -2.553231530533e+00,        -2.237901787721e+01
 1.57250000e+02,        -2.555954103640e+00,        -2.344478697423e+01,        -4.630598310560e+00,        -1.129888731327e+02,        -4.630598310565e+00,        -1.129888731326e+02,        -2.556037682465e+00,        -2.342790982708e+01
 1.58200000e+02,        -2.561076298832e+00,        -2.450617440803e+01,        -4.642982953155e+00,        -1.141861559972e+02,        -4.642982953160e+00,        -1.141861559972e+02,        -2.561160688762e+00,        -2.448930610123e+01
 1.59150000e+02,        -2.568623940095e+00,        -2.558047379194e+01,        -4.652591620970e+00,        -1.154031079463e+02,        -4.652591620975e+00,        -1.154031079463e+02,        -2.568709195419e+00,        -2.556361889428e+01
 1.60100000e+02,        -2.578714844272e+00,        -2.666811007467e+01,        -4.659299121302e+00,        -1.166404866231e+02,        -4.659299121308e+00,        -1.166404866231e+02,        -2.578801024971e+00,        -2.665127338534e+01
 1.61050000e+02,        -2.591476841641e+00,        -2.776952044475e+01,        -4.662980736710e+00,        -1.178990778824e+02,        -4.662980736715e+00,        -1.178990778824e+02,        -2.591564014029e+00,        -2.775270701052e+01
 1.62000000e+02,        -2.607048693144e+00,        -2.888515332735e+01,        -4.663512911587e+00,        -1.191796959446e+02,        -4.663512911593e+00,        -1.191796959446e+02,        -2.607136930611e+00,        -2.886836846133e+01
 1.62950000e+02,        -2.625581094809e+00,        -3.001546705377e+01,        -4.660774018574e+00,        -1.204831834053e+02,        -4.660774018579e+00,        -1.204831834053e+02,        -2.625670478665e+00,        -2.999871635597e+01
 1.63900000e+02,        -2.647237777376e+00,        -3.116092814143e+01,        -4.654645209418e+00,        -1.218104110752e+02,        -4.654645209423e+00,        -1.218104110752e+02,        -2.647328397826e+00,        -3.114421752126e+01
 1.64850000e+02,        -2.672196709756e+00,        -3.232200911186e+01,        -4.645011354624e+00,        -1.231622776193e+02,        -4.645011354629e+00,        -1.231622776193e+02,        -2.672288667022e+00,        -3.230534481289e+01
 1.65800000e+02,        -2.700651415548e+00,        -3.349918576186e+01,        -4.631762075816e+00,        -1.245397089617e+02,        -4.631762075822e+00,        -1.245397089617e+02,        -2.700744821169e+00,        -3.348257438900e+01
 1.66750000e+02,        -2.732812412484e+00,        -3.469293378899e+01,        -4.614792874158e+00,        -1.259436574131e+02,        -4.614792874164e+00,        -1.259436574131e+02,        -2.732907390813e+00,        -3.467638233845e+01
 1.67700000e+02,        -2.768908785250e+00,        -3.590372465624e+01,        -4.594006357429e+00,        -1.273751004774e+02,        -4.594006357434e+00,        -1.273751004774e+02,        -2.769005475200e+00,        -3.588724054860e+01
 1.68650000e+02,        -2.809189902730e+00,        -3.713202056185e+01,        -4.569313567357e+00,        -1.288350392817e+02,        -4.569313567364e+00,        -1.288350392817e+02,        -2.809288459796e+00,        -3.711561167867e+01
 1.69600000e+02,        -2.853927291227e+00,        -3.837826835850e+01,        -4.540635407609e+00,        -1.303244965696e+02,        -4.540635407615e+00,        -1.303244965696e+02,        -2.854027889849e+00,        -3.836194308272e+01
 1.70550000e+02,        -2.903416675719e+00,        -3.964289224076e+01,        -4.507904171229e+00,        -1.318445141875e+02,        -4.507904171236e+00,        -1.318445141875e+02,        -2.903519512035e+00,        -3.962665950172e+01
 1.71500000e+02,        -2.957980201509e+00,        -4.092628499099e+01,        -4.471065164552e+00,        -1.333961499864e+02,        -4.471065164559e+00,        -1.333961499864e+02,        -2.958085496584e+00,        -4.091015431436e+01
 1.72450000e+02,        -3.017968848960e+00,        -4.222879753996e+01,        -4.430078422220e+00,        -1.349804740493e+02,        -4.430078422226e+00,        -1.349804740493e+02,        -3.018076852574e+00,        -4.221277910341e+01
 1.73400000e+02,        -3.083765054032e+00,        -4.355072655986e+01,        -4.384920505328e+00,        -1.365985641472e+02,        -4.384920505334e+00,        -1.365985641472e+02,        -3.083876049140e+00,        -4.353483125522e+01
 1.74350000e+02,        -3.155785547299e+00,        -4.489229976257e+01,        -4.335586371420e+00,        -1.382515003151e+02,        -4.335586371427e+00,        -1.382515003151e+02,        -3.155899855295e+00,        -4.487653926538e+01
 1.75300000e+02,        -3.234484423820e+00,        -4.625365852381e+01,        -4.282091301364e+00,        -1.399403584316e+02,        -4.282091301370e+00,        -1.399403584316e+02,        -3.234602410770e+00,        -4.623804537130e+01
 1.76250000e+02,        -3.320356455701e+00,        -4.763483739317e+01,        -4.224472863685e+00,        -1.416662026751e+02,        -4.224472863692e+00,        -1.416662026751e+02,        -3.320478539746e+00,        -4.761938507189e+01
 1.77200000e+02,        -3.413940658393e+00,        -4.903573997882e+01,        -4.162792892043e+00,        -1.434300767292e+02,        -4.162792892051e+00,        -1.434300767292e+02,        -3.414067318569e+00,        -4.902046302328e+01
 1.78150000e+02,        -3.515824120699e+00,        -5.045611061156e+01,        -4.097139445784e+00,        -1.452329936016e+02,        -4.097139445791e+00,        -1.452329936016e+02,        -3.515955907492e+00,        -5.044102471575e+01
 1.79100000e+02,        -3.626646107117e+00,        -5.189550109303e+01,        -4.027628717262e+00,        -1.470759239271e+02,        -4.027628717270e+00,        -1.470759239271e+02,        -3.626783655125e+00,        -5.188062323638e+01
 1.80050000e+02,        -3.747102439412e+00,        -5.335323171146e+01,        -3.954406842772e+00,        -1.489597826349e+02,        -3.954406842779e+00,        -1.489597826349e+02,        -3.747246482612e+00,        -5.333858030180e+01
 1.81000000e+02,        -3.877950162394e+00,        -5.482834556110e+01,        -3.877651566512e+00,        -1.508854138739e+02,        -3.877651566519e+00,        -1.508854138739e+02,        -3.878101552614e+00,        -5.481394059697e+01
 1.81950000e+02,        -4.020012496356e+00,        -5.631955501761e+01,        -3.797573699458e+00,        -1.528535741227e+02,        -3.797573699464e+00,        -1.528535741227e+02,        -4.020172225734e+00,        -5.630541827319e+01
 1.82900000e+02,        -4.174184075707e+00,        -5.782517899078e+01,        -3.714418307333e+00,        -1.548649134469e+02,        -3.714418307339e+00,        -1.548649134469e+02,        -4.174353304121e+00,        -5.781133422664e+01
 1.83850000e+02,        -4.341436469285e+00,        -5.934306927889e+01,        -3.628465554711e+00,        -1.569199549250e+02,        -3.628465554717e+00,        -1.569199549250e+02,        -4.341616558017e+00,        -5.932954248289e+01
 1.84800000e+02,        -4.522823972167e+00,        -6.087052396379e+01,        -3.540031125938e+00,        -1.590190723351e+02,        -3.540031125945e+00,        -1.590190723351e+02,        -4.523016525446e+00,        -6.085734362631e+01
 1.85750000e+02,        -4.719489649787e+00,        -6.240418527564e+01,        -3.449466138997e+00,        -1.611624662834e+02,        -3.449466139004e+00,        -1.611624662834e+02,        -4.719696566323e+00,        -6.239138270462e+01
 1.86700000e+02,        -4.932671600340e+00,        -6.393991867667e+01,        -3.357156466147e+00,        -1.633501390658e+02,        -3.357156466154e+00,        -1.633501390658e+02,        -4.932895137641e+00,        -6.392752835766e+01
 1.87650000e+02,        -5.163709375876e+00,        -6.547266899479e+01,        -3.263521376413e+00,        -1.655818686765e+02,        -3.263521376421e+00,        -1.655818686765e+02,        -5.163952230996e+00,        -6.546072900208e+01
 1.88600000e+02,        -5.414050458020e+00,        -6.699628819202e+01,        -3.169011420508e+00,        -1.678571825204e+02,        -3.169011420515e+00,        -1.678571825204e+02,        -5.414315869584e+00,        -6.698484065619e+01
 1.89550000e+02,        -5.685256606712e+00,        -6.850332764998e+01,        -3.074105489817e+00,        -1.701753315277e+02,        -3.074105489824e+00,        -1.701753315277e+02,        -5.685548484690e+00,        -6.849241928645e+01
 1.90500000e+02,        -5.979009766352e+00,        -6.998478552727e+01,        -2.979306998356e+00,        -1.725352655254e+02,        -2.979306998363e+00,        -1.725352655254e+02,        -5.979332858257e+00,        -6.997446822751e+01
 1.91450000e+02,        -6.297116983407e+00,        -7.142979655886e+01,        -2.885139160952e+00,        -1.749356108522e+02,        -2.885139160960e+00,        -1.749356108522e+02,        -6.297477088640e+00,        -7.142012804017e+01
 1.92400000e+02,        -6.641513397515e+00,        -7.282524732876e+01,        -2.792139372424e+00,        -1.773746513211e+02,        -2.792139372432e+00,        -1.773746513211e+02,        -6.641917645755e+00,        -7.281629182819e+01
 1.93350000e+02,        -7.014261704640e+00,        -7.415529417911e+01,        -2.700852730922e+00,        -1.798503137104e+02,        -2.700852730929e+00,        -1.798503137104e+02,        -7.014718919948e+00,        -7.414712315682e+01
 1.94300000e+02,        -7.417545374027e+00,        -7.540075309248e+01,        -2.611824792764e+00,        +1.776398410181e+02,        -2.611824792771e+00,        +1.776398410181e+02,        -7.418066554202e+00,        -7.539344587519e+01
 1.95250000e+02,        -7.853651027147e+00,        -7.653832070366e+01,        -2.525593693914e+00,        +1.750986196224e+02,        -2.525593693922e+00,        +1.750986196224e+02,        -7.854249978502e+00,        -7.653196493669e+01
 1.96200000e+02,        -8.324932251684e+00,        -7.753957294419e+01,        -2.442681821917e+00,        +1.725291905866e+02,        -2.442681821924e+00,        +1.725291905866e+02,        -8.325626433383e+00,        -7.753426461180e+01
 1.97150000e+02,        -8.833741890693e+00,        -7.836967348345e+01,        -2.363587267822e+00,        +1.699350694371e+02,        -2.363587267829e+00,        +1.699350694371e+02,        -8.834553540097e+00,        -7.836551606841e+01
 1.98100000e+02,        -9.382311151083e+00,        -7.898571127609e+01,        -2.288775326214e+00,        +1.673200948812e+02,        -2.288775326221e+00,        +1.673200948812e+02,        -9.383268780443e+00,        -7.898281330150e+01
 1.99050000e+02,        -9.972539555825e+00,        -7.933458406856e+01,        -2.218670338329e+00,        +1.646883956757e+02,        -2.218670338337e+00,        +1.646883956757e+02,        -9.973679924428e+00,        -7.933305370333e+01
 2.00000000e+02,        -1.060563662958e+01,        -7.935037466589e+01,        -2.153648184667e+00,        +1.620443485743e+02,        -2.153648184674e+00,        +1.620443485743e+02,        -1.060700728529e+01,        -7.935030913036e+01
